<?xml version = '1.0' encoding = 'UTF-8'?>
<Relation class="oracle.dbtools.crest.model.design.logical.InheritanceRelation" name="Hierarchy_1" directorySegmentName="seg_0" id="2CEA3AB1-D0A0-C1EF-05C3-B0D2E64A55FB">
<createdBy>HP Pavilion</createdBy>
<createdTime>2024-07-24 15:02:11 UTC</createdTime>
<ownerDesignName>basketball-league</ownerDesignName>
<engineerTo>
<item key="B79C9AD2-FDB3-9718-DDEE-2B4D3A29CC4C" value="true"/>
</engineerTo>
<identifying>false</identifying>
<nameOnSource>Super Type</nameOnSource>
<nameOnTarget>Sub Type</nameOnTarget>
<optionalSource>true</optionalSource>
<optionalTarget>true</optionalTarget>
<sourceEntity>3CC3E915-6486-E3B7-C204-5BDCCDC470B1</sourceEntity>
<targetEntity>CB84AC04-D0B0-FF2B-79C3-0553CB50A501</targetEntity>
<transferable>true</transferable>
<deleteRule>NO ACTION</deleteRule>
</Relation>
