<?xml version = '1.0' encoding = 'UTF-8'?>
<Diagram class="oracle.dbtools.crest.swingui.logical.DPVLogical" name="Logical" id="766546B7-4223-663C-570E-D4659D18E54B">
<createdBy>HP Pavilion</createdBy>
<modifiedBy>HP Pavilion</modifiedBy>
<createdTime>2024-07-24 14:45:13 UTC</createdTime>
<autoRoute>false</autoRoute>
<boxInbox>true</boxInbox>
<showLegend>false</showLegend>
<showLabels>false</showLabels>
<showRelAttributes>false</showRelAttributes>
<gridEnabled>false</gridEnabled>
<showGrid>false</showGrid>
<diagramColor>-1</diagramColor>
<display>false</display>
<notation>2</notation>
<objectViews>
<OView class="oracle.dbtools.crest.swingui.logical.TVEntity" oid="0FA4F592-0A5B-655C-A5A4-CB3E61E8755A" otype="Entity" vid="614C0EF1-2BD2-B13F-E598-0CE7B876A415">
<hideElementsInCurrentOnly>false</hideElementsInCurrentOnly>
<bounds x="958" y="715" width="157" height="48"/>
</OView>
<OView class="oracle.dbtools.crest.swingui.logical.TVEntity" oid="198EFB94-8E7E-0A4A-AE0A-97F78E2AE3FA" otype="Entity" vid="D85D733B-96AD-2298-C8C0-30F3D3E3B674">
<hideElementsInCurrentOnly>false</hideElementsInCurrentOnly>
<bounds x="271" y="546" width="170" height="110"/>
</OView>
<OView class="oracle.dbtools.crest.swingui.logical.TVEntity" oid="1DD77CD9-DF65-EAA5-780F-1B83AB6CFBDE" otype="Entity" vid="78D2A637-3F32-CCBA-6C2E-9DCC97AF2DA9">
<hideElementsInCurrentOnly>false</hideElementsInCurrentOnly>
<bounds x="2026" y="328" width="194" height="159"/>
</OView>
<OView class="oracle.dbtools.crest.swingui.logical.TVEntity" oid="2E390641-6A23-17E8-D910-E545A90EDF3F" otype="Entity" vid="4B773649-29BD-BA19-9314-2DCA30177903">
<hideElementsInCurrentOnly>false</hideElementsInCurrentOnly>
<bounds x="257" y="121" width="193" height="110"/>
</OView>
<OView class="oracle.dbtools.crest.swingui.logical.TVEntity" oid="3CC3E915-6486-E3B7-C204-5BDCCDC470B1" otype="Entity" vid="B8A1ED1D-FF33-6386-BD71-D8779714F501">
<hideElementsInCurrentOnly>false</hideElementsInCurrentOnly>
<bounds x="468" y="270" width="677" height="518"/>
</OView>
<OView class="oracle.dbtools.crest.swingui.logical.TVEntity" oid="473B81F7-24DE-1D3E-570A-2F3A8B331BBD" otype="Entity" vid="3ED7A3BB-D039-065B-8122-56A079AB58F9">
<hideElementsInCurrentOnly>false</hideElementsInCurrentOnly>
<bounds x="1248" y="92" width="180" height="88"/>
</OView>
<OView class="oracle.dbtools.crest.swingui.logical.TVEntity" oid="49BC6A4D-63DB-D3D1-F29F-CF4630B36F96" otype="Entity" vid="46CE21E7-8A23-E117-A062-49EE9BDA76A7">
<hideElementsInCurrentOnly>false</hideElementsInCurrentOnly>
<bounds x="1879" y="688" width="170" height="110"/>
</OView>
<OView class="oracle.dbtools.crest.swingui.logical.TVEntity" oid="4C8D0828-2FFC-DF8C-7D3F-3D066AC8EF2F" otype="Entity" vid="98B85AF0-F0B1-A056-25DD-A2E8D699F749">
<hideElementsInCurrentOnly>false</hideElementsInCurrentOnly>
<bounds x="1608" y="690" width="170" height="146"/>
</OView>
<OView class="oracle.dbtools.crest.swingui.logical.TVEntity" oid="525DE1C5-E8B1-AEB0-6ABE-6C0164C1B9A0" otype="Entity" vid="2BE79738-2E43-E9C9-409C-D8320FFF3FB2">
<hideElementsInCurrentOnly>false</hideElementsInCurrentOnly>
<bounds x="2002" y="20" width="232" height="123"/>
</OView>
<OView class="oracle.dbtools.crest.swingui.logical.TVEntity" oid="64C1986F-3547-B4A8-AA39-D9C9926E6315" otype="Entity" vid="02BA7726-0B09-DE61-42C9-475B719EDBFA">
<hideElementsInCurrentOnly>false</hideElementsInCurrentOnly>
<bounds x="1243" y="1256" width="170" height="110"/>
</OView>
<OView class="oracle.dbtools.crest.swingui.logical.TVEntity" oid="6D69ABF7-8AC8-7E54-0CDE-0925DA31289C" otype="Entity" vid="8F6D7188-01FE-093A-1E24-C4EE2B159ADB">
<hideElementsInCurrentOnly>false</hideElementsInCurrentOnly>
<bounds x="22" y="423" width="195" height="151"/>
</OView>
<OView class="oracle.dbtools.crest.swingui.logical.TVEntity" oid="7D086B7C-B16E-2B12-ECE2-6716877F6970" otype="Entity" vid="9020D515-4908-4C78-557B-9CA8D944101D">
<hideElementsInCurrentOnly>false</hideElementsInCurrentOnly>
<bounds x="5" y="663" width="223" height="128"/>
</OView>
<OView class="oracle.dbtools.crest.swingui.logical.TVEntity" oid="8653EDBE-1A88-8B78-77EF-44FEB3D9539D" otype="Entity" vid="5E523D29-0821-665B-C035-274135C78E0D">
<hideElementsInCurrentOnly>false</hideElementsInCurrentOnly>
<bounds x="722" y="560" width="167" height="59"/>
</OView>
<OView class="oracle.dbtools.crest.swingui.logical.TVEntity" oid="8F2122C6-5898-DF2B-BBE7-B67ECB6ABFC2" otype="Entity" vid="574EE4D1-571F-CE67-C309-5ABE1E39659F">
<hideElementsInCurrentOnly>false</hideElementsInCurrentOnly>
<bounds x="2303" y="538" width="249" height="121"/>
</OView>
<OView class="oracle.dbtools.crest.swingui.logical.TVEntity" oid="A730A119-0A52-443A-9595-FE559E862760" otype="Entity" vid="B4C3C763-FC05-BA01-7148-6E0EB38CA8AF">
<hideElementsInCurrentOnly>false</hideElementsInCurrentOnly>
<bounds x="24" y="120" width="187" height="110"/>
</OView>
<OView class="oracle.dbtools.crest.swingui.logical.TVEntity" oid="AB002F0D-836B-C108-60CC-07BBB9FBD25C" otype="Entity" vid="EC535627-D7A9-D5D6-7028-B095505FDBF8">
<hideElementsInCurrentOnly>false</hideElementsInCurrentOnly>
<bounds x="2324" y="18" width="226" height="110"/>
</OView>
<OView class="oracle.dbtools.crest.swingui.logical.TVEntity" oid="ACE34664-A6FF-AD1E-EA88-2826234B0801" otype="Entity" vid="ABFA728B-6A7D-D3F8-D56D-6D15B20107A3">
<hideElementsInCurrentOnly>false</hideElementsInCurrentOnly>
<bounds x="469" y="954" width="215" height="140"/>
</OView>
<OView class="oracle.dbtools.crest.swingui.logical.TVEntity" oid="AD721176-20AB-C7B1-D7D8-CD0D7A291673" otype="Entity" vid="0EC47C80-49B5-0481-B409-9A97F26C120A">
<hideElementsInCurrentOnly>false</hideElementsInCurrentOnly>
<bounds x="1248" y="312" width="175" height="154"/>
</OView>
<OView class="oracle.dbtools.crest.swingui.logical.TVEntity" oid="B2FC9F65-0FE5-C689-4157-FD98C3C9C2CF" otype="Entity" vid="C4982478-C326-D849-91EA-CD66134F0494">
<hideElementsInCurrentOnly>false</hideElementsInCurrentOnly>
<bounds x="934" y="496" width="170" height="111"/>
</OView>
<OView class="oracle.dbtools.crest.swingui.logical.TVEntity" oid="B5DE9037-36C0-7F81-6F6D-ACACE41E3AD3" otype="Entity" vid="622E8BD3-C3B5-D684-65AB-EB8F560A7964">
<hideElementsInCurrentOnly>false</hideElementsInCurrentOnly>
<bounds x="1592" y="324" width="183" height="150"/>
</OView>
<OView class="oracle.dbtools.crest.swingui.logical.TVEntity" oid="C16C07F1-5401-A7AD-273F-933960A37A47" otype="Entity" vid="EB25B64E-C357-A982-1981-94421C14C792">
<hideElementsInCurrentOnly>false</hideElementsInCurrentOnly>
<bounds x="2018" y="173" width="206" height="124"/>
</OView>
<OView class="oracle.dbtools.crest.swingui.logical.TVEntity" oid="C5A5DF7F-6FF8-5BE0-939E-6638E5D12102" otype="Entity" vid="EA77CC4D-BF2A-110F-4E26-7076DD20C2CA">
<hideElementsInCurrentOnly>false</hideElementsInCurrentOnly>
<bounds x="2303" y="791" width="235" height="110"/>
</OView>
<OView class="oracle.dbtools.crest.swingui.logical.TVEntity" oid="CA4C265B-0D8D-A4A1-3CE7-857972D9C373" otype="Entity" vid="AF7B5639-513B-0107-44CF-EA88DD301D6A">
<hideElementsInCurrentOnly>false</hideElementsInCurrentOnly>
<bounds x="40" y="957" width="177" height="130"/>
</OView>
<OView class="oracle.dbtools.crest.swingui.logical.TVEntity" oid="CB84AC04-D0B0-FF2B-79C3-0553CB50A501" otype="Entity" vid="ED25D63F-D428-DA9E-95FF-DCF71F8C5AEB">
<hideElementsInCurrentOnly>false</hideElementsInCurrentOnly>
<bounds x="710" y="386" width="415" height="392"/>
</OView>
<OView class="oracle.dbtools.crest.swingui.logical.TVEntity" oid="D7E94249-7C11-D44F-B8D6-F2A7360AF068" otype="Entity" vid="5CA27C88-D204-2E87-F7E8-9665C5385EAA">
<hideElementsInCurrentOnly>false</hideElementsInCurrentOnly>
<bounds x="2331" y="173" width="181" height="110"/>
</OView>
<OView class="oracle.dbtools.crest.swingui.logical.TVEntity" oid="E30AD785-027C-D920-E996-174C7659A6D7" otype="Entity" vid="4A03F0FC-D60C-7872-2751-660716409B14">
<hideElementsInCurrentOnly>false</hideElementsInCurrentOnly>
<bounds x="1216" y="975" width="226" height="156"/>
</OView>
<OView class="oracle.dbtools.crest.swingui.logical.TVEntity" oid="E8F6495F-5D9C-6B3A-5685-E7E48BDE7280" otype="Entity" vid="99AEE80F-6532-10A7-86D2-52117B0B7D93">
<hideElementsInCurrentOnly>false</hideElementsInCurrentOnly>
<bounds x="1607" y="975" width="183" height="137"/>
</OView>
<OView class="oracle.dbtools.crest.swingui.logical.TVEntity" oid="EBB5A266-CCD0-7796-B0BC-7835F2F42A47" otype="Entity" vid="68046D3A-CEDF-CF11-8735-2BF1628A1680">
<hideElementsInCurrentOnly>false</hideElementsInCurrentOnly>
<bounds x="474" y="411" width="209" height="128"/>
</OView>
<OView class="oracle.dbtools.crest.swingui.logical.TVEntity" oid="EF7F3D47-7E10-D35F-8343-3E2955A58E06" otype="Entity" vid="FA7074CA-7ABB-EBF8-7428-233F5E02DBAD">
<hideElementsInCurrentOnly>false</hideElementsInCurrentOnly>
<bounds x="721" y="651" width="170" height="111"/>
</OView>
</objectViews>
<connectors>
<Connector class="oracle.dbtools.crest.swingui.logical.TVRelation" oid="06D2C6F9-BD84-A9A3-1893-AE733F80F532" otype="Relation" vid_source="68046D3A-CEDF-CF11-8735-2BF1628A1680" vid_target="9020D515-4908-4C78-557B-9CA8D944101D">
<hideElementsInCurrentOnly>false</hideElementsInCurrentOnly>
<backgroundColor>-16777216</backgroundColor>
<lineWidth>1</lineWidth>
<points>
<point x="523" y="539"/>
<point x="523" y="683"/>
<point x="228" y="683"/>
</points>
</Connector>
<Connector class="oracle.dbtools.crest.swingui.logical.TVRelation" oid="08411186-2E7C-CE07-C4C5-B3A5D7CF5936" otype="Relation" vid_source="78D2A637-3F32-CCBA-6C2E-9DCC97AF2DA9" vid_target="99AEE80F-6532-10A7-86D2-52117B0B7D93">
<hideElementsInCurrentOnly>false</hideElementsInCurrentOnly>
<backgroundColor>-16777216</backgroundColor>
<lineWidth>1</lineWidth>
<points>
<point x="2119" y="487"/>
<point x="2119" y="1034"/>
<point x="1790" y="1034"/>
</points>
</Connector>
<Connector class="oracle.dbtools.crest.swingui.logical.TVRelation" oid="08D52B92-2F72-66D6-A164-D1124D349268" otype="Relation" vid_source="D85D733B-96AD-2298-C8C0-30F3D3E3B674" vid_target="8F6D7188-01FE-093A-1E24-C4EE2B159ADB">
<hideElementsInCurrentOnly>false</hideElementsInCurrentOnly>
<backgroundColor>-16777216</backgroundColor>
<lineWidth>1</lineWidth>
<points>
<point x="271" y="560"/>
<point x="217" y="560"/>
</points>
</Connector>
<Connector class="oracle.dbtools.crest.swingui.logical.TVRelation" oid="0A27C2A0-2790-2484-9332-42C1A9FB87D3" otype="Relation" vid_source="FA7074CA-7ABB-EBF8-7428-233F5E02DBAD" vid_target="ABFA728B-6A7D-D3F8-D56D-6D15B20107A3">
<hideElementsInCurrentOnly>false</hideElementsInCurrentOnly>
<backgroundColor>-16777216</backgroundColor>
<lineWidth>1</lineWidth>
<points>
<point x="806" y="762"/>
<point x="806" y="1031"/>
<point x="684" y="1031"/>
</points>
</Connector>
<Connector class="oracle.dbtools.crest.swingui.logical.TVInheritanceRelation" oid="0CA04815-C22A-6531-1D15-FF7DF83EA551" otype="Hierarchy relation" vid_source="ED25D63F-D428-DA9E-95FF-DCF71F8C5AEB" vid_target="614C0EF1-2BD2-B13F-E598-0CE7B876A415">
<hideElementsInCurrentOnly>false</hideElementsInCurrentOnly>
<backgroundColor>-65536</backgroundColor>
<lineWidth>1</lineWidth>
</Connector>
<Connector class="oracle.dbtools.crest.swingui.logical.TVRelation" oid="1BC7AD1D-F40C-34D9-B1E9-F879A12B1C0C" otype="Relation" vid_source="9020D515-4908-4C78-557B-9CA8D944101D" vid_target="8F6D7188-01FE-093A-1E24-C4EE2B159ADB">
<hideElementsInCurrentOnly>false</hideElementsInCurrentOnly>
<backgroundColor>-16777216</backgroundColor>
<lineWidth>1</lineWidth>
<points>
<point x="119" y="663"/>
<point x="119" y="574"/>
</points>
</Connector>
<Connector class="oracle.dbtools.crest.swingui.logical.TVRelation" oid="1DD53E53-7541-201B-1BBD-83FB9D6728E3" otype="Relation" vid_source="622E8BD3-C3B5-D684-65AB-EB8F560A7964" vid_target="2BE79738-2E43-E9C9-409C-D8320FFF3FB2">
<hideElementsInCurrentOnly>false</hideElementsInCurrentOnly>
<backgroundColor>-16777216</backgroundColor>
<lineWidth>1</lineWidth>
<points>
<point x="1672" y="324"/>
<point x="1672" y="86"/>
<point x="2002" y="86"/>
</points>
</Connector>
<Connector class="oracle.dbtools.crest.swingui.logical.TVInheritanceRelation" oid="2CEA3AB1-D0A0-C1EF-05C3-B0D2E64A55FB" otype="Hierarchy relation" vid_source="B8A1ED1D-FF33-6386-BD71-D8779714F501" vid_target="ED25D63F-D428-DA9E-95FF-DCF71F8C5AEB">
<hideElementsInCurrentOnly>false</hideElementsInCurrentOnly>
<backgroundColor>-65536</backgroundColor>
<lineWidth>1</lineWidth>
</Connector>
<Connector class="oracle.dbtools.crest.swingui.logical.TVRelation" oid="3933AFCB-6ABD-8D7D-0DCC-04C7EE357EE2" otype="Relation" vid_source="4A03F0FC-D60C-7872-2751-660716409B14" vid_target="99AEE80F-6532-10A7-86D2-52117B0B7D93">
<hideElementsInCurrentOnly>false</hideElementsInCurrentOnly>
<backgroundColor>-16777216</backgroundColor>
<lineWidth>1</lineWidth>
<points>
<point x="1442" y="1043"/>
<point x="1607" y="1043"/>
</points>
</Connector>
<Connector class="oracle.dbtools.crest.swingui.logical.TVRelation" oid="3ABF7FCA-1CFF-57C4-6551-4C30E59678C8" otype="Relation" vid_source="68046D3A-CEDF-CF11-8735-2BF1628A1680" vid_target="46CE21E7-8A23-E117-A062-49EE9BDA76A7">
<hideElementsInCurrentOnly>false</hideElementsInCurrentOnly>
<backgroundColor>-16777216</backgroundColor>
<lineWidth>1</lineWidth>
<points>
<point x="474" y="451"/>
<point x="235" y="451"/>
<point x="235" y="69"/>
<point x="1893" y="68"/>
<point x="1893" y="688"/>
</points>
</Connector>
<Connector class="oracle.dbtools.crest.swingui.logical.TVRelation" oid="3B5D3EC9-5B35-A259-6D26-F32DC5230D22" otype="Relation" vid_source="FA7074CA-7ABB-EBF8-7428-233F5E02DBAD" vid_target="9020D515-4908-4C78-557B-9CA8D944101D">
<hideElementsInCurrentOnly>false</hideElementsInCurrentOnly>
<backgroundColor>-16777216</backgroundColor>
<lineWidth>1</lineWidth>
<points>
<point x="721" y="712"/>
<point x="228" y="712"/>
</points>
</Connector>
<Connector class="oracle.dbtools.crest.swingui.logical.TVInheritanceRelation" oid="3FE8F438-64F2-B979-E748-9C8AD7899406" otype="Hierarchy relation" vid_source="ED25D63F-D428-DA9E-95FF-DCF71F8C5AEB" vid_target="C4982478-C326-D849-91EA-CD66134F0494">
<hideElementsInCurrentOnly>false</hideElementsInCurrentOnly>
<backgroundColor>-65536</backgroundColor>
<lineWidth>1</lineWidth>
</Connector>
<Connector class="oracle.dbtools.crest.swingui.logical.TVRelation" oid="514E3F5C-A361-1813-BDC1-1B917F0D5D3A" otype="Relation" vid_source="5CA27C88-D204-2E87-F7E8-9665C5385EAA" vid_target="EB25B64E-C357-A982-1981-94421C14C792">
<hideElementsInCurrentOnly>false</hideElementsInCurrentOnly>
<backgroundColor>-16777216</backgroundColor>
<lineWidth>1</lineWidth>
<points>
<point x="2331" y="228"/>
<point x="2224" y="228"/>
</points>
</Connector>
<Connector class="oracle.dbtools.crest.swingui.logical.TVRelation" oid="52A86A58-531F-1BCC-A91D-A56D858039F5" otype="Relation" vid_source="614C0EF1-2BD2-B13F-E598-0CE7B876A415" vid_target="4A03F0FC-D60C-7872-2751-660716409B14">
<hideElementsInCurrentOnly>false</hideElementsInCurrentOnly>
<backgroundColor>-16777216</backgroundColor>
<lineWidth>1</lineWidth>
<points>
<point x="963" y="763"/>
<point x="963" y="1098"/>
<point x="1216" y="1098"/>
</points>
</Connector>
<Connector class="oracle.dbtools.crest.swingui.logical.TVRelation" oid="56CE446E-088E-1F6E-47E2-FAAAA54E7539" otype="Relation" vid_source="614C0EF1-2BD2-B13F-E598-0CE7B876A415" vid_target="4A03F0FC-D60C-7872-2751-660716409B14">
<hideElementsInCurrentOnly>false</hideElementsInCurrentOnly>
<backgroundColor>-16777216</backgroundColor>
<lineWidth>1</lineWidth>
<points>
<point x="1039" y="763"/>
<point x="1039" y="1030"/>
<point x="1216" y="1030"/>
</points>
</Connector>
<Connector class="oracle.dbtools.crest.swingui.logical.TVRelation" oid="59EB7D3F-EE8A-6F5F-4792-4A1EEED90E47" otype="Relation" vid_source="622E8BD3-C3B5-D684-65AB-EB8F560A7964" vid_target="78D2A637-3F32-CCBA-6C2E-9DCC97AF2DA9">
<hideElementsInCurrentOnly>false</hideElementsInCurrentOnly>
<backgroundColor>-16777216</backgroundColor>
<lineWidth>1</lineWidth>
<points>
<point x="1775" y="401"/>
<point x="2026" y="401"/>
</points>
</Connector>
<Connector class="oracle.dbtools.crest.swingui.logical.TVRelation" oid="5B4F8009-C289-3C61-F107-212B37918914" otype="Relation" vid_source="EA77CC4D-BF2A-110F-4E26-7076DD20C2CA" vid_target="574EE4D1-571F-CE67-C309-5ABE1E39659F">
<hideElementsInCurrentOnly>false</hideElementsInCurrentOnly>
<backgroundColor>-16777216</backgroundColor>
<lineWidth>1</lineWidth>
<points>
<point x="2420" y="791"/>
<point x="2420" y="659"/>
</points>
</Connector>
<Connector class="oracle.dbtools.crest.swingui.logical.TVRelation" oid="628C45BF-0285-6C41-6A39-9BF4EED304A6" otype="Relation" vid_source="622E8BD3-C3B5-D684-65AB-EB8F560A7964" vid_target="574EE4D1-571F-CE67-C309-5ABE1E39659F">
<hideElementsInCurrentOnly>false</hideElementsInCurrentOnly>
<backgroundColor>-16777216</backgroundColor>
<lineWidth>1</lineWidth>
<points>
<point x="1752" y="474"/>
<point x="1752" y="585"/>
<point x="2303" y="585"/>
</points>
</Connector>
<Connector class="oracle.dbtools.crest.swingui.logical.TVRelation" oid="70254F29-0A73-0A2F-2C52-C88831C0C580" otype="Relation" vid_source="622E8BD3-C3B5-D684-65AB-EB8F560A7964" vid_target="98B85AF0-F0B1-A056-25DD-A2E8D699F749">
<hideElementsInCurrentOnly>false</hideElementsInCurrentOnly>
<backgroundColor>-16777216</backgroundColor>
<lineWidth>1</lineWidth>
<points>
<point x="1691" y="474"/>
<point x="1691" y="690"/>
</points>
</Connector>
<Connector class="oracle.dbtools.crest.swingui.logical.TVRelation" oid="7EA6072E-6DAB-DCD6-E010-83876353736B" otype="Relation" vid_source="C4982478-C326-D849-91EA-CD66134F0494" vid_target="99AEE80F-6532-10A7-86D2-52117B0B7D93">
<hideElementsInCurrentOnly>false</hideElementsInCurrentOnly>
<backgroundColor>-16777216</backgroundColor>
<lineWidth>1</lineWidth>
<points>
<point x="1104" y="570"/>
<point x="1510" y="570"/>
<point x="1513" y="983"/>
<point x="1513" y="1025"/>
<point x="1607" y="1025"/>
</points>
</Connector>
<Connector class="oracle.dbtools.crest.swingui.logical.TVInheritanceRelation" oid="7FC2284B-FD3C-6EF7-56CF-4BE394AC1B3A" otype="Hierarchy relation" vid_source="ED25D63F-D428-DA9E-95FF-DCF71F8C5AEB" vid_target="FA7074CA-7ABB-EBF8-7428-233F5E02DBAD">
<hideElementsInCurrentOnly>false</hideElementsInCurrentOnly>
<backgroundColor>-65536</backgroundColor>
<lineWidth>1</lineWidth>
</Connector>
<Connector class="oracle.dbtools.crest.swingui.logical.TVRelation" oid="85CADE04-5A43-54FC-DE3A-DC9F37180A58" otype="Relation" vid_source="622E8BD3-C3B5-D684-65AB-EB8F560A7964" vid_target="EB25B64E-C357-A982-1981-94421C14C792">
<hideElementsInCurrentOnly>false</hideElementsInCurrentOnly>
<backgroundColor>-16777216</backgroundColor>
<lineWidth>1</lineWidth>
<points>
<point x="1754" y="324"/>
<point x="1754" y="235"/>
<point x="2018" y="235"/>
</points>
</Connector>
<Connector class="oracle.dbtools.crest.swingui.logical.TVRelation" oid="85D93E11-109F-A764-B30C-873BC50C6A6E" otype="Relation" vid_source="5E523D29-0821-665B-C035-274135C78E0D" vid_target="D85D733B-96AD-2298-C8C0-30F3D3E3B674">
<hideElementsInCurrentOnly>false</hideElementsInCurrentOnly>
<backgroundColor>-16777216</backgroundColor>
<lineWidth>1</lineWidth>
<points>
<point x="722" y="589"/>
<point x="441" y="589"/>
</points>
</Connector>
<Connector class="oracle.dbtools.crest.swingui.logical.TVRelation" oid="8A510ECF-1FE5-776B-5078-3916FCE3240D" otype="Relation" vid_source="98B85AF0-F0B1-A056-25DD-A2E8D699F749" vid_target="46CE21E7-8A23-E117-A062-49EE9BDA76A7">
<hideElementsInCurrentOnly>false</hideElementsInCurrentOnly>
<backgroundColor>-16777216</backgroundColor>
<lineWidth>1</lineWidth>
<points>
<point x="1778" y="759"/>
<point x="1879" y="759"/>
</points>
</Connector>
<Connector class="oracle.dbtools.crest.swingui.logical.TVRelation" oid="9B0BBAF3-1BFF-4715-F877-46E14ADE8A26" otype="Relation" vid_source="622E8BD3-C3B5-D684-65AB-EB8F560A7964" vid_target="0EC47C80-49B5-0481-B409-9A97F26C120A">
<hideElementsInCurrentOnly>false</hideElementsInCurrentOnly>
<backgroundColor>-16777216</backgroundColor>
<lineWidth>1</lineWidth>
<points>
<point x="1592" y="395"/>
<point x="1423" y="395"/>
</points>
</Connector>
<Connector class="oracle.dbtools.crest.swingui.logical.TVRelation" oid="9F30A3D6-4D97-C028-05D8-41FFB75E826F" otype="Relation" vid_source="0EC47C80-49B5-0481-B409-9A97F26C120A" vid_target="ED25D63F-D428-DA9E-95FF-DCF71F8C5AEB">
<hideElementsInCurrentOnly>false</hideElementsInCurrentOnly>
<backgroundColor>-16777216</backgroundColor>
<lineWidth>1</lineWidth>
<points>
<point x="1248" y="426"/>
<point x="1125" y="426"/>
</points>
</Connector>
<Connector class="oracle.dbtools.crest.swingui.logical.TVRelation" oid="A1688310-B1FF-9618-B0FB-5EABDF8D8E9F" otype="Relation" vid_source="B4C3C763-FC05-BA01-7148-6E0EB38CA8AF" vid_target="8F6D7188-01FE-093A-1E24-C4EE2B159ADB">
<hideElementsInCurrentOnly>false</hideElementsInCurrentOnly>
<backgroundColor>-16777216</backgroundColor>
<lineWidth>1</lineWidth>
<points>
<point x="117" y="230"/>
<point x="117" y="423"/>
</points>
</Connector>
<Connector class="oracle.dbtools.crest.swingui.logical.TVRelation" oid="A1C2A846-8FBE-707D-27D6-87AF300D78EB" otype="Relation" vid_source="68046D3A-CEDF-CF11-8735-2BF1628A1680" vid_target="ABFA728B-6A7D-D3F8-D56D-6D15B20107A3">
<hideElementsInCurrentOnly>false</hideElementsInCurrentOnly>
<backgroundColor>-16777216</backgroundColor>
<lineWidth>1</lineWidth>
<points>
<point x="563" y="539"/>
<point x="563" y="954"/>
</points>
</Connector>
<Connector class="oracle.dbtools.crest.swingui.logical.TVRelation" oid="ADEDBDFE-BC98-7D11-5636-B6ED512439A4" otype="Relation" vid_source="D85D733B-96AD-2298-C8C0-30F3D3E3B674" vid_target="68046D3A-CEDF-CF11-8735-2BF1628A1680">
<hideElementsInCurrentOnly>false</hideElementsInCurrentOnly>
<backgroundColor>-16777216</backgroundColor>
<lineWidth>1</lineWidth>
<points>
<point x="433" y="546"/>
<point x="433" y="501"/>
<point x="474" y="501"/>
</points>
</Connector>
<Connector class="oracle.dbtools.crest.swingui.logical.TVRelation" oid="B373C11B-0C65-89F1-463A-F1709102BC68" otype="Relation" vid_source="4A03F0FC-D60C-7872-2751-660716409B14" vid_target="02BA7726-0B09-DE61-42C9-475B719EDBFA">
<hideElementsInCurrentOnly>false</hideElementsInCurrentOnly>
<backgroundColor>-16777216</backgroundColor>
<lineWidth>1</lineWidth>
<points>
<point x="1328" y="1131"/>
<point x="1328" y="1256"/>
</points>
</Connector>
<Connector class="oracle.dbtools.crest.swingui.logical.TVRelation" oid="BED6C7F0-D0D0-9DCB-0C7E-1D992E9CFDBE" otype="Relation" vid_source="78D2A637-3F32-CCBA-6C2E-9DCC97AF2DA9" vid_target="46CE21E7-8A23-E117-A062-49EE9BDA76A7">
<hideElementsInCurrentOnly>false</hideElementsInCurrentOnly>
<backgroundColor>-16777216</backgroundColor>
<lineWidth>1</lineWidth>
<points>
<point x="2037" y="487"/>
<point x="2037" y="688"/>
</points>
</Connector>
<Connector class="oracle.dbtools.crest.swingui.logical.TVRelation" oid="CE9A7582-ECD2-9E54-562B-DCB0B3D2067F" otype="Relation" vid_source="68046D3A-CEDF-CF11-8735-2BF1628A1680" vid_target="AF7B5639-513B-0107-44CF-EA88DD301D6A">
<hideElementsInCurrentOnly>false</hideElementsInCurrentOnly>
<backgroundColor>-16777216</backgroundColor>
<lineWidth>1</lineWidth>
<points>
<point x="585" y="539"/>
<point x="585" y="878"/>
<point x="131" y="875"/>
<point x="131" y="957"/>
</points>
</Connector>
<Connector class="oracle.dbtools.crest.swingui.logical.TVRelation" oid="CEFE4145-1E1D-94D4-1B1E-A71D361C605A" otype="Relation" vid_source="EC535627-D7A9-D5D6-7028-B095505FDBF8" vid_target="2BE79738-2E43-E9C9-409C-D8320FFF3FB2">
<hideElementsInCurrentOnly>false</hideElementsInCurrentOnly>
<backgroundColor>-16777216</backgroundColor>
<lineWidth>1</lineWidth>
<points>
<point x="2324" y="74"/>
<point x="2234" y="74"/>
</points>
</Connector>
<Connector class="oracle.dbtools.crest.swingui.logical.TVRelation" oid="DC7F631C-771A-62D5-7CE5-F37B74CB7FEE" otype="Relation" vid_source="614C0EF1-2BD2-B13F-E598-0CE7B876A415" vid_target="98B85AF0-F0B1-A056-25DD-A2E8D699F749">
<hideElementsInCurrentOnly>false</hideElementsInCurrentOnly>
<backgroundColor>-16777216</backgroundColor>
<lineWidth>1</lineWidth>
<points>
<point x="1115" y="754"/>
<point x="1608" y="754"/>
</points>
</Connector>
<Connector class="oracle.dbtools.crest.swingui.logical.TVRelation" oid="E586FBF8-F038-5FC1-CA07-B11B8FE4C72A" otype="Relation" vid_source="ABFA728B-6A7D-D3F8-D56D-6D15B20107A3" vid_target="AF7B5639-513B-0107-44CF-EA88DD301D6A">
<hideElementsInCurrentOnly>false</hideElementsInCurrentOnly>
<backgroundColor>-16777216</backgroundColor>
<lineWidth>1</lineWidth>
<points>
<point x="469" y="1022"/>
<point x="217" y="1022"/>
</points>
</Connector>
<Connector class="oracle.dbtools.crest.swingui.logical.TVRelation" oid="EA80D9E8-D993-A5C3-D4D9-C1860B6E4BDF" otype="Relation" vid_source="4B773649-29BD-BA19-9314-2DCA30177903" vid_target="68046D3A-CEDF-CF11-8735-2BF1628A1680">
<hideElementsInCurrentOnly>false</hideElementsInCurrentOnly>
<backgroundColor>-16777216</backgroundColor>
<lineWidth>1</lineWidth>
<points>
<point x="426" y="231"/>
<point x="426" y="428"/>
<point x="474" y="428"/>
</points>
</Connector>
<Connector class="oracle.dbtools.crest.swingui.logical.TVRelation" oid="EFE0A66A-9633-F2E6-176B-79CC5AE458A0" otype="Relation" vid_source="98B85AF0-F0B1-A056-25DD-A2E8D699F749" vid_target="99AEE80F-6532-10A7-86D2-52117B0B7D93">
<hideElementsInCurrentOnly>false</hideElementsInCurrentOnly>
<backgroundColor>-16777216</backgroundColor>
<lineWidth>1</lineWidth>
<points>
<point x="1693" y="836"/>
<point x="1693" y="975"/>
</points>
</Connector>
<Connector class="oracle.dbtools.crest.swingui.logical.TVRelation" oid="F0EA2159-C9D6-F441-AB75-8F235EAEAE99" otype="Relation" vid_source="3ED7A3BB-D039-065B-8122-56A079AB58F9" vid_target="0EC47C80-49B5-0481-B409-9A97F26C120A">
<hideElementsInCurrentOnly>false</hideElementsInCurrentOnly>
<backgroundColor>-16777216</backgroundColor>
<lineWidth>1</lineWidth>
<points>
<point x="1335" y="180"/>
<point x="1335" y="312"/>
</points>
</Connector>
<Connector class="oracle.dbtools.crest.swingui.logical.TVInheritanceRelation" oid="F28C333B-A922-4AD5-9B94-EAC956538E44" otype="Hierarchy relation" vid_source="B8A1ED1D-FF33-6386-BD71-D8779714F501" vid_target="68046D3A-CEDF-CF11-8735-2BF1628A1680">
<hideElementsInCurrentOnly>false</hideElementsInCurrentOnly>
<backgroundColor>-65536</backgroundColor>
<lineWidth>1</lineWidth>
</Connector>
<Connector class="oracle.dbtools.crest.swingui.logical.TVInheritanceRelation" oid="FD299111-962D-FBC8-7D11-2225CA2C4437" otype="Hierarchy relation" vid_source="ED25D63F-D428-DA9E-95FF-DCF71F8C5AEB" vid_target="5E523D29-0821-665B-C035-274135C78E0D">
<hideElementsInCurrentOnly>false</hideElementsInCurrentOnly>
<backgroundColor>-65536</backgroundColor>
<lineWidth>1</lineWidth>
</Connector>
</connectors>
</Diagram>
