<?xml version = '1.0' encoding = 'UTF-8'?>
<Table class="oracle.dbtools.crest.model.design.relational.Table" directorySegmentName="seg_0" id="468A5E1C-B291-D6A6-FD8F-18C07F595E0F" name="Upravlja">
<createdBy>HP Pavilion</createdBy>
<createdTime>2024-07-24 16:54:32 UTC</createdTime>
<ownerDesignName>basketball-league</ownerDesignName>
<allowColumnReorder>false</allowColumnReorder>
<existDependencyGenerateInDDl>true</existDependencyGenerateInDDl>
<parsed>true</parsed>
<columns itemClass="oracle.dbtools.crest.model.design.relational.Column">
<Column name="IdRegrut" id="94C1B4AD-1A13-0648-9B5D-33509E6C96B0">
<createdBy>HP Pavilion</createdBy>
<createdTime>2024-07-24 16:54:32 UTC</createdTime>
<ownerDesignName>basketball-league</ownerDesignName>
<useDomainConstraints>false</useDomainConstraints>
<use>1</use>
<logicalDatatype>LOGDT011</logicalDatatype>
<ownDataTypeParameters>,,</ownDataTypeParameters>
<previousColumn>false</previousColumn>
<autoIncrementCycle>false</autoIncrementCycle>
<associations>
<colAssociation fkAssociation="85EC3273-068E-0ACB-BA49-2B7BDD074A4C" referredColumn="B0E093D9-AB4A-7724-16E4-DE201CB2C19E"/>
</associations>
</Column>
<Column name="IdPozTrng" id="386B1ECA-D8CF-818D-D908-BE8BC1E5DC9E">
<createdBy>HP Pavilion</createdBy>
<createdTime>2024-07-24 16:54:32 UTC</createdTime>
<ownerDesignName>basketball-league</ownerDesignName>
<useDomainConstraints>false</useDomainConstraints>
<use>1</use>
<logicalDatatype>LOGDT011</logicalDatatype>
<ownDataTypeParameters>,,</ownDataTypeParameters>
<previousColumn>false</previousColumn>
<autoIncrementCycle>false</autoIncrementCycle>
<associations>
<colAssociation fkAssociation="7066C5E6-235F-8551-1206-712BD5AE55A5" referredColumn="3002EF66-10DB-2048-E66A-7EB79522E624"/>
</associations>
</Column>
</columns>
<indexes itemClass="oracle.dbtools.crest.model.design.relational.Index">
<ind_PK_UK id="ECF7EFCF-FB9F-1C65-E0D4-55F1E69DD557" name="Upravlja_PK">
<createdBy>HP Pavilion</createdBy>
<createdTime>2024-07-24 16:54:32 UTC</createdTime>
<ownerDesignName>basketball-league</ownerDesignName>
<pk>true</pk>
<indexState>Primary Constraint</indexState>
<isSurrogateKey>false</isSurrogateKey>
<indexColumnUsage>
<colUsage columnID="94C1B4AD-1A13-0648-9B5D-33509E6C96B0"/>
<colUsage columnID="386B1ECA-D8CF-818D-D908-BE8BC1E5DC9E"/>
</indexColumnUsage>
</ind_PK_UK>
<ind_PK_UK id="3F545549-2B2C-8786-FCE9-ABC0444A8FED" name="Upravlja_Regrut_FK">
<createdBy>HP Pavilion</createdBy>
<createdTime>2024-07-24 16:54:32 UTC</createdTime>
<generatorID>06D2C6F9-BD84-A9A3-1893-AE733F80F532</generatorID>
<ownerDesignName>basketball-league</ownerDesignName>
<indexState>Foreign Key</indexState>
<isSurrogateKey>false</isSurrogateKey>
<indexColumnUsage>
<colUsage columnID="94C1B4AD-1A13-0648-9B5D-33509E6C96B0"/>
</indexColumnUsage>
</ind_PK_UK>
<ind_PK_UK id="6B3257DD-293B-591E-51D8-2B4B9962216C" name="Upravlja_PozivNaTrening_FK">
<createdBy>HP Pavilion</createdBy>
<createdTime>2024-07-24 16:54:32 UTC</createdTime>
<generatorID>06D2C6F9-BD84-A9A3-1893-AE733F80F532</generatorID>
<ownerDesignName>basketball-league</ownerDesignName>
<indexState>Foreign Key</indexState>
<isSurrogateKey>false</isSurrogateKey>
<indexColumnUsage>
<colUsage columnID="386B1ECA-D8CF-818D-D908-BE8BC1E5DC9E"/>
</indexColumnUsage>
</ind_PK_UK>
</indexes>
</Table>
