<?xml version = '1.0' encoding = 'UTF-8'?>
<Table class="oracle.dbtools.crest.model.design.relational.Table" directorySegmentName="seg_0" id="8D88DBC4-7971-1B8F-5734-59E8C9072B4A" name="PozivNaTrening">
<createdBy>HP Pavilion</createdBy>
<createdTime>2024-07-24 16:54:31 UTC</createdTime>
<generatorID>7D086B7C-B16E-2B12-ECE2-6716877F6970</generatorID>
<ownerDesignName>basketball-league</ownerDesignName>
<allowColumnReorder>false</allowColumnReorder>
<existDependencyGenerateInDDl>true</existDependencyGenerateInDDl>
<parsed>true</parsed>
<columns itemClass="oracle.dbtools.crest.model.design.relational.Column">
<Column name="IdPozTrng" id="3002EF66-10DB-2048-E66A-7EB79522E624">
<createdBy>HP Pavilion</createdBy>
<createdTime>2024-07-24 16:54:31 UTC</createdTime>
<generatorID>DDC8C7CC-03A3-47F9-789C-2AAFC4743E71</generatorID>
<ownerDesignName>basketball-league</ownerDesignName>
<useDomainConstraints>false</useDomainConstraints>
<use>1</use>
<logicalDatatype>LOGDT011</logicalDatatype>
<ownDataTypeParameters>,,</ownDataTypeParameters>
<autoIncrementCycle>false</autoIncrementCycle>
</Column>
<Column name="DatVrePozTrng" id="03CAB9B7-87B9-117D-9F2F-D96EA54B103C">
<createdBy>HP Pavilion</createdBy>
<createdTime>2024-07-24 16:54:31 UTC</createdTime>
<generatorID>6C0A308A-4276-4702-3F9D-3DF9309D7D67</generatorID>
<ownerDesignName>basketball-league</ownerDesignName>
<useDomainConstraints>false</useDomainConstraints>
<use>1</use>
<logicalDatatype>LOGDT007</logicalDatatype>
<ownDataTypeParameters>,,</ownDataTypeParameters>
<autoIncrementCycle>false</autoIncrementCycle>
</Column>
<Column name="MesOdrPozTrng" id="CE6C63B4-E8AF-D567-3C4B-1A74C11D7FBF">
<createdBy>HP Pavilion</createdBy>
<createdTime>2024-07-24 16:54:31 UTC</createdTime>
<generatorID>8B715704-69A2-94E9-75A0-AB47512F4410</generatorID>
<ownerDesignName>basketball-league</ownerDesignName>
<useDomainConstraints>false</useDomainConstraints>
<use>1</use>
<logicalDatatype>LOGDT024</logicalDatatype>
<dataTypeSize>32 CHAR</dataTypeSize>
<ownDataTypeParameters>32 CHAR,,</ownDataTypeParameters>
<autoIncrementCycle>false</autoIncrementCycle>
</Column>
<Column name="StatusPozTrng" id="2D179AD5-095D-C188-AA20-5702AAEF61F5">
<createdBy>HP Pavilion</createdBy>
<createdTime>2024-07-24 16:54:31 UTC</createdTime>
<generatorID>5C92B071-B626-AA04-C7B6-2BF7777721D0</generatorID>
<ownerDesignName>basketball-league</ownerDesignName>
<use>0</use>
<logicalDatatype>LOGDT024</logicalDatatype>
<domain>09DA3D9B-65E1-EC32-7FCB-C55AA585D6E0</domain>
<ownDataTypeParameters>,,</ownDataTypeParameters>
<autoIncrementCycle>false</autoIncrementCycle>
</Column>
<Column name="RazOdbPozTrng" id="D4125171-655C-E837-19FA-B7F4D2E57C2B">
<createdBy>HP Pavilion</createdBy>
<createdTime>2024-07-24 16:54:31 UTC</createdTime>
<generatorID>0D7E03A3-2751-B39A-01E5-44D0A7D44C61</generatorID>
<ownerDesignName>basketball-league</ownerDesignName>
<nullsAllowed>true</nullsAllowed>
<useDomainConstraints>false</useDomainConstraints>
<use>1</use>
<logicalDatatype>LOGDT024</logicalDatatype>
<dataTypeSize>64 CHAR</dataTypeSize>
<ownDataTypeParameters>64 CHAR,,</ownDataTypeParameters>
<autoIncrementCycle>false</autoIncrementCycle>
</Column>
<Column name="IdTrener" id="CB7C4B30-D99A-1E5B-56BF-948B536D052A">
<createdBy>HP Pavilion</createdBy>
<createdTime>2024-07-24 16:54:31 UTC</createdTime>
<generatorID>3AE4A901-2D26-90C6-69AD-58461ABE4634</generatorID>
<ownerDesignName>basketball-league</ownerDesignName>
<useDomainConstraints>false</useDomainConstraints>
<use>1</use>
<logicalDatatype>LOGDT011</logicalDatatype>
<ownDataTypeParameters>,,</ownDataTypeParameters>
<previousColumn>false</previousColumn>
<autoIncrementCycle>false</autoIncrementCycle>
<associations>
<colAssociation fkAssociation="94A000BD-7E38-3971-1E8E-56F0B6E4080A" referredColumn="26146AD7-7B0B-A894-B41E-1E83C337CF2D"/>
</associations>
</Column>
</columns>
<indexes itemClass="oracle.dbtools.crest.model.design.relational.Index">
<ind_PK_UK id="2787E5D2-2B35-39D0-3F83-B5B46F469276" name="PozivNaTrening_PK">
<createdBy>HP Pavilion</createdBy>
<createdTime>2024-07-24 16:54:31 UTC</createdTime>
<generatorID>233C1954-442E-CC33-94C5-B301AFDF3D6B</generatorID>
<ownerDesignName>basketball-league</ownerDesignName>
<pk>true</pk>
<indexState>Primary Constraint</indexState>
<isSurrogateKey>false</isSurrogateKey>
<indexColumnUsage>
<colUsage columnID="3002EF66-10DB-2048-E66A-7EB79522E624"/>
</indexColumnUsage>
</ind_PK_UK>
<ind_PK_UK id="C0D3FC47-4AB0-EB94-DCD0-632221B85993" name="PozivNaTrening_Trener_FK">
<createdBy>HP Pavilion</createdBy>
<createdTime>2024-07-24 16:54:32 UTC</createdTime>
<generatorID>3B5D3EC9-5B35-A259-6D26-F32DC5230D22</generatorID>
<ownerDesignName>basketball-league</ownerDesignName>
<indexState>Foreign Key</indexState>
<isSurrogateKey>false</isSurrogateKey>
<indexColumnUsage>
<colUsage columnID="CB7C4B30-D99A-1E5B-56BF-948B536D052A"/>
</indexColumnUsage>
</ind_PK_UK>
</indexes>
</Table>
