<?xml version = '1.0' encoding = 'UTF-8'?>
<Table class="oracle.dbtools.crest.model.design.relational.Table" directorySegmentName="seg_0" id="A1863A2C-07DC-8D93-D56B-954E4CDF49B9" name="Ucestvuje">
<createdBy>HP Pavilion</createdBy>
<createdTime>2024-07-24 16:54:31 UTC</createdTime>
<generatorID>198EFB94-8E7E-0A4A-AE0A-97F78E2AE3FA</generatorID>
<ownerDesignName>basketball-league</ownerDesignName>
<allowColumnReorder>false</allowColumnReorder>
<existDependencyGenerateInDDl>true</existDependencyGenerateInDDl>
<parsed>true</parsed>
<columns itemClass="oracle.dbtools.crest.model.design.relational.Column">
<Column name="IdRegrut" id="B2278992-CD87-25F5-FB1A-FDEE7BFB9A99">
<createdBy>HP Pavilion</createdBy>
<createdTime>2024-07-24 16:54:31 UTC</createdTime>
<generatorID>F0E833AC-8C21-751F-3C8A-B6BFCFA8C804</generatorID>
<ownerDesignName>basketball-league</ownerDesignName>
<useDomainConstraints>false</useDomainConstraints>
<use>1</use>
<logicalDatatype>LOGDT011</logicalDatatype>
<ownDataTypeParameters>,,</ownDataTypeParameters>
<previousColumn>false</previousColumn>
<autoIncrementCycle>false</autoIncrementCycle>
<associations>
<colAssociation fkAssociation="DB61305A-F461-1C2F-7CA2-9C23A374BFCB" referredColumn="B0E093D9-AB4A-7724-16E4-DE201CB2C19E"/>
</associations>
</Column>
<Column name="IdTrng" id="36E32B2D-A411-D3AF-D40D-5FB4ABC0104E">
<createdBy>HP Pavilion</createdBy>
<createdTime>2024-07-24 16:54:31 UTC</createdTime>
<generatorID>E8A99BF6-46A2-3B34-7924-BC8C0A7532AA</generatorID>
<ownerDesignName>basketball-league</ownerDesignName>
<useDomainConstraints>false</useDomainConstraints>
<use>1</use>
<logicalDatatype>LOGDT011</logicalDatatype>
<ownDataTypeParameters>,,</ownDataTypeParameters>
<previousColumn>false</previousColumn>
<autoIncrementCycle>false</autoIncrementCycle>
<associations>
<colAssociation fkAssociation="EC971285-07BD-407A-04B9-0C78E60FBEDE" referredColumn="2E136342-AD94-EFA7-B1A3-CABE0237A11C"/>
</associations>
</Column>
</columns>
<indexes itemClass="oracle.dbtools.crest.model.design.relational.Index">
<ind_PK_UK id="F268DE8F-C183-80AC-96B3-A0AADD2F84E9" name="Ucestvuje_PK">
<createdBy>HP Pavilion</createdBy>
<createdTime>2024-07-24 16:54:31 UTC</createdTime>
<generatorID>BA02AE87-CD04-D607-C0D7-2D216C44E24E</generatorID>
<ownerDesignName>basketball-league</ownerDesignName>
<pk>true</pk>
<indexState>Primary Constraint</indexState>
<isSurrogateKey>false</isSurrogateKey>
<indexColumnUsage>
<colUsage columnID="B2278992-CD87-25F5-FB1A-FDEE7BFB9A99"/>
<colUsage columnID="36E32B2D-A411-D3AF-D40D-5FB4ABC0104E"/>
</indexColumnUsage>
</ind_PK_UK>
<ind_PK_UK id="21FA66F6-E4DC-33E5-2A2C-AB677ED23F1F" name="Ucestvuje_Trening_FK">
<createdBy>HP Pavilion</createdBy>
<createdTime>2024-07-24 16:54:32 UTC</createdTime>
<generatorID>08D52B92-2F72-66D6-A164-D1124D349268</generatorID>
<ownerDesignName>basketball-league</ownerDesignName>
<indexState>Foreign Key</indexState>
<isSurrogateKey>false</isSurrogateKey>
<indexColumnUsage>
<colUsage columnID="36E32B2D-A411-D3AF-D40D-5FB4ABC0104E"/>
</indexColumnUsage>
</ind_PK_UK>
<ind_PK_UK id="2477A3B4-E531-BBD1-1D14-9E0493450C3E" name="Ucestvuje_Regrut_FK">
<createdBy>HP Pavilion</createdBy>
<createdTime>2024-08-01 09:59:34 UTC</createdTime>
<generatorID>ADEDBDFE-BC98-7D11-5636-B6ED512439A4</generatorID>
<ownerDesignName>basketball-league</ownerDesignName>
<indexState>Foreign Key</indexState>
<isSurrogateKey>false</isSurrogateKey>
<indexColumnUsage>
<colUsage columnID="B2278992-CD87-25F5-FB1A-FDEE7BFB9A99"/>
</indexColumnUsage>
</ind_PK_UK>
</indexes>
</Table>
