<?xml version = '1.0' encoding = 'UTF-8'?>
<Table class="oracle.dbtools.crest.model.design.relational.Table" directorySegmentName="seg_0" id="BFE6DEA8-0309-A50D-5A09-3762EC824FB5" name="Pik">
<createdBy>HP Pavilion</createdBy>
<createdTime>2024-07-24 16:54:31 UTC</createdTime>
<generatorID>4C8D0828-2FFC-DF8C-7D3F-3D066AC8EF2F</generatorID>
<ownerDesignName>basketball-league</ownerDesignName>
<allowColumnReorder>false</allowColumnReorder>
<existDependencyGenerateInDDl>true</existDependencyGenerateInDDl>
<parsed>true</parsed>
<columns itemClass="oracle.dbtools.crest.model.design.relational.Column">
<Column name="IdPik" id="E54BBFB8-E132-FF37-6742-71A2D8F2A69D">
<createdBy>HP Pavilion</createdBy>
<createdTime>2024-07-24 16:54:31 UTC</createdTime>
<generatorID>96958B4B-98AA-48A4-65B5-371D2E1E0521</generatorID>
<ownerDesignName>basketball-league</ownerDesignName>
<useDomainConstraints>false</useDomainConstraints>
<use>1</use>
<logicalDatatype>LOGDT011</logicalDatatype>
<ownDataTypeParameters>,,</ownDataTypeParameters>
<autoIncrementCycle>false</autoIncrementCycle>
</Column>
<Column name="RedBrPik" id="ECE01171-AD5D-EFFC-4C9F-71C2712A17C2">
<createdBy>HP Pavilion</createdBy>
<createdTime>2024-07-24 16:54:31 UTC</createdTime>
<generatorID>4D9EC4B4-54E5-1C62-8801-EFE5B8E57200</generatorID>
<ownerDesignName>basketball-league</ownerDesignName>
<useDomainConstraints>false</useDomainConstraints>
<use>1</use>
<logicalDatatype>LOGDT024</logicalDatatype>
<dataTypeSize>2 CHAR</dataTypeSize>
<ownDataTypeParameters>2 CHAR,,</ownDataTypeParameters>
<autoIncrementCycle>false</autoIncrementCycle>
</Column>
<Column name="BrRunPik" id="354DECFC-C687-5AD5-209D-B81B804178F2">
<createdBy>HP Pavilion</createdBy>
<createdTime>2024-07-24 16:54:31 UTC</createdTime>
<generatorID>746FB96C-E9DE-FC6B-3300-53A9A2B28288</generatorID>
<ownerDesignName>basketball-league</ownerDesignName>
<useDomainConstraints>false</useDomainConstraints>
<use>1</use>
<logicalDatatype>LOGDT024</logicalDatatype>
<dataTypeSize>1 CHAR</dataTypeSize>
<ownDataTypeParameters>1 CHAR,,</ownDataTypeParameters>
<autoIncrementCycle>false</autoIncrementCycle>
</Column>
<Column name="GodPik" id="D55C0E58-4097-BF63-87B4-B49DC9B92B0D">
<createdBy>HP Pavilion</createdBy>
<createdTime>2024-07-24 16:54:31 UTC</createdTime>
<generatorID>9A2D5684-6871-9C36-F980-75039604D212</generatorID>
<ownerDesignName>basketball-league</ownerDesignName>
<useDomainConstraints>false</useDomainConstraints>
<use>1</use>
<logicalDatatype>LOGDT024</logicalDatatype>
<dataTypeSize>4 CHAR</dataTypeSize>
<ownDataTypeParameters>4 CHAR,,</ownDataTypeParameters>
<autoIncrementCycle>false</autoIncrementCycle>
</Column>
<Column name="IdMenadzer" id="A3893878-6FE5-E3BD-79F6-C9592165A160">
<createdBy>HP Pavilion</createdBy>
<createdTime>2024-07-24 16:54:31 UTC</createdTime>
<generatorID>08662EA5-3E6E-D076-74DF-0FA6DEA9A81D</generatorID>
<ownerDesignName>basketball-league</ownerDesignName>
<nullsAllowed>true</nullsAllowed>
<useDomainConstraints>false</useDomainConstraints>
<use>1</use>
<logicalDatatype>LOGDT011</logicalDatatype>
<ownDataTypeParameters>,,</ownDataTypeParameters>
<previousColumn>false</previousColumn>
<autoIncrementCycle>false</autoIncrementCycle>
<associations>
<colAssociation fkAssociation="14E30F96-C1CD-EBF3-E501-2D17AAA13803" referredColumn="E42EDEB4-D680-F78C-37AE-1A77F9913128"/>
</associations>
</Column>
<Column name="IdTim" id="FF07B066-737B-CC87-96EE-4018F416E4AC">
<createdBy>HP Pavilion</createdBy>
<createdTime>2024-07-24 16:54:31 UTC</createdTime>
<generatorID>86AA9356-8007-C57D-53EF-77547E650304</generatorID>
<ownerDesignName>basketball-league</ownerDesignName>
<useDomainConstraints>false</useDomainConstraints>
<use>1</use>
<logicalDatatype>LOGDT011</logicalDatatype>
<ownDataTypeParameters>,,</ownDataTypeParameters>
<previousColumn>false</previousColumn>
<autoIncrementCycle>false</autoIncrementCycle>
<associations>
<colAssociation fkAssociation="AC17E645-3656-281E-208C-3E05A5C1D558" referredColumn="00A781D7-3E50-ADDF-1CB2-13CF39362D08"/>
</associations>
</Column>
</columns>
<indexes itemClass="oracle.dbtools.crest.model.design.relational.Index">
<ind_PK_UK id="65BCBAD9-422D-DB30-A727-01AE6D7562F1" name="Pik_PK">
<createdBy>HP Pavilion</createdBy>
<createdTime>2024-07-24 16:54:31 UTC</createdTime>
<generatorID>F9709F3F-C23E-82EF-275A-4D208D2BA767</generatorID>
<ownerDesignName>basketball-league</ownerDesignName>
<pk>true</pk>
<indexState>Primary Constraint</indexState>
<isSurrogateKey>false</isSurrogateKey>
<indexColumnUsage>
<colUsage columnID="E54BBFB8-E132-FF37-6742-71A2D8F2A69D"/>
</indexColumnUsage>
</ind_PK_UK>
<ind_PK_UK id="02EB9152-60D8-627A-81B8-653593247ECE" name="Pik_Menadzer_FK">
<createdBy>HP Pavilion</createdBy>
<createdTime>2024-07-24 16:54:31 UTC</createdTime>
<generatorID>DC7F631C-771A-62D5-7CE5-F37B74CB7FEE</generatorID>
<ownerDesignName>basketball-league</ownerDesignName>
<indexState>Foreign Key</indexState>
<isSurrogateKey>false</isSurrogateKey>
<indexColumnUsage>
<colUsage columnID="A3893878-6FE5-E3BD-79F6-C9592165A160"/>
</indexColumnUsage>
</ind_PK_UK>
<ind_PK_UK id="818630C7-F419-8C42-C0AD-BB17A572A347" name="Pik_Tim_FK">
<createdBy>HP Pavilion</createdBy>
<createdTime>2024-07-24 16:54:32 UTC</createdTime>
<generatorID>70254F29-0A73-0A2F-2C52-C88831C0C580</generatorID>
<ownerDesignName>basketball-league</ownerDesignName>
<indexState>Foreign Key</indexState>
<isSurrogateKey>false</isSurrogateKey>
<indexColumnUsage>
<colUsage columnID="FF07B066-737B-CC87-96EE-4018F416E4AC"/>
</indexColumnUsage>
</ind_PK_UK>
</indexes>
</Table>
