<?xml version = '1.0' encoding = 'UTF-8'?>
<Table class="oracle.dbtools.crest.model.design.relational.Table" directorySegmentName="seg_0" id="C5DCA869-80D5-0BC5-A7DE-2B8E9B102F76" name="PozivNaIntervju">
<createdBy>HP Pavilion</createdBy>
<createdTime>2024-07-24 16:54:31 UTC</createdTime>
<generatorID>ACE34664-A6FF-AD1E-EA88-2826234B0801</generatorID>
<ownerDesignName>basketball-league</ownerDesignName>
<allowColumnReorder>false</allowColumnReorder>
<existDependencyGenerateInDDl>true</existDependencyGenerateInDDl>
<parsed>true</parsed>
<columns itemClass="oracle.dbtools.crest.model.design.relational.Column">
<Column name="IdPozInt" id="D19E9425-0F92-B552-D94B-6575F8230EE7">
<createdBy>HP Pavilion</createdBy>
<createdTime>2024-07-24 16:54:31 UTC</createdTime>
<generatorID>32CF8EF2-41A2-1488-CC76-69AE524F937E</generatorID>
<ownerDesignName>basketball-league</ownerDesignName>
<useDomainConstraints>false</useDomainConstraints>
<use>1</use>
<logicalDatatype>LOGDT011</logicalDatatype>
<ownDataTypeParameters>,,</ownDataTypeParameters>
<autoIncrementCycle>false</autoIncrementCycle>
</Column>
<Column name="MesOdrPozInt" id="5A19442E-4A45-A45C-39EB-1E8D30A85C2F">
<createdBy>HP Pavilion</createdBy>
<createdTime>2024-07-24 16:54:31 UTC</createdTime>
<generatorID>4574078B-CE0F-2BEB-A66E-DBA2FC4F3441</generatorID>
<ownerDesignName>basketball-league</ownerDesignName>
<useDomainConstraints>false</useDomainConstraints>
<use>1</use>
<logicalDatatype>LOGDT024</logicalDatatype>
<dataTypeSize>24 CHAR</dataTypeSize>
<ownDataTypeParameters>24 CHAR,,</ownDataTypeParameters>
<autoIncrementCycle>false</autoIncrementCycle>
</Column>
<Column name="DatVrePozInt" id="AFB9A211-14C4-B86F-94C3-C37C04FEF881">
<createdBy>HP Pavilion</createdBy>
<createdTime>2024-07-24 16:54:31 UTC</createdTime>
<generatorID>E8AB423D-38C7-5325-A91C-D79F3642A0F0</generatorID>
<ownerDesignName>basketball-league</ownerDesignName>
<useDomainConstraints>false</useDomainConstraints>
<use>1</use>
<logicalDatatype>LOGDT007</logicalDatatype>
<ownDataTypeParameters>,,</ownDataTypeParameters>
<autoIncrementCycle>false</autoIncrementCycle>
</Column>
<Column name="StatusPozInt" id="F31B87CB-F65B-CA65-E635-48CD76D60B05">
<createdBy>HP Pavilion</createdBy>
<createdTime>2024-07-24 16:54:31 UTC</createdTime>
<generatorID>9CFDD56F-0B74-2578-8C3D-EFC26737CE5E</generatorID>
<ownerDesignName>basketball-league</ownerDesignName>
<use>0</use>
<logicalDatatype>LOGDT024</logicalDatatype>
<domain>09DA3D9B-65E1-EC32-7FCB-C55AA585D6E0</domain>
<ownDataTypeParameters>,,</ownDataTypeParameters>
<autoIncrementCycle>false</autoIncrementCycle>
</Column>
<Column name="RazOdbPozInt" id="20AB1AC5-BA87-B7E0-0650-270F77C636D6">
<createdBy>HP Pavilion</createdBy>
<createdTime>2024-07-24 16:54:31 UTC</createdTime>
<generatorID>4F600D7D-FDE3-E276-96CA-2A11005FAB07</generatorID>
<ownerDesignName>basketball-league</ownerDesignName>
<useDomainConstraints>false</useDomainConstraints>
<use>1</use>
<logicalDatatype>LOGDT024</logicalDatatype>
<dataTypeSize>64 CHAR</dataTypeSize>
<ownDataTypeParameters>64 CHAR,,</ownDataTypeParameters>
<autoIncrementCycle>false</autoIncrementCycle>
</Column>
<Column name="Regrut_Id" id="0FFAF4CF-28F1-458C-F72B-8F80BBC7F449">
<createdBy>HP Pavilion</createdBy>
<createdTime>2024-07-24 16:54:31 UTC</createdTime>
<generatorID>A80CA8F0-3796-4A43-9B82-B8A1740F4A3A</generatorID>
<ownerDesignName>basketball-league</ownerDesignName>
<nullsAllowed>true</nullsAllowed>
<useDomainConstraints>false</useDomainConstraints>
<use>1</use>
<logicalDatatype>LOGDT011</logicalDatatype>
<ownDataTypeParameters>,,</ownDataTypeParameters>
<previousColumn>false</previousColumn>
<autoIncrementCycle>false</autoIncrementCycle>
<associations>
<colAssociation fkAssociation="FE3548B3-2AB3-DC09-897A-150476057DF8" referredColumn="B0E093D9-AB4A-7724-16E4-DE201CB2C19E"/>
</associations>
</Column>
<Column name="Trener_Id" id="F1194D2C-563F-30B1-076D-7836C548438E">
<createdBy>HP Pavilion</createdBy>
<createdTime>2024-07-24 16:54:31 UTC</createdTime>
<generatorID>6D16E483-71E7-D19C-3B89-968B66EBE5A1</generatorID>
<ownerDesignName>basketball-league</ownerDesignName>
<useDomainConstraints>false</useDomainConstraints>
<use>1</use>
<logicalDatatype>LOGDT011</logicalDatatype>
<ownDataTypeParameters>,,</ownDataTypeParameters>
<previousColumn>false</previousColumn>
<autoIncrementCycle>false</autoIncrementCycle>
<associations>
<colAssociation fkAssociation="3A17D6E2-37C7-E4BE-037D-9EFFE6FC018D" referredColumn="26146AD7-7B0B-A894-B41E-1E83C337CF2D"/>
</associations>
</Column>
</columns>
<indexes itemClass="oracle.dbtools.crest.model.design.relational.Index">
<ind_PK_UK id="4626AABE-3ADF-6087-AC56-756BB08A0A48" name="PozivNaIntervju_PK">
<createdBy>HP Pavilion</createdBy>
<createdTime>2024-07-24 16:54:31 UTC</createdTime>
<generatorID>1E370649-73CA-2359-F843-B676934C129D</generatorID>
<ownerDesignName>basketball-league</ownerDesignName>
<pk>true</pk>
<indexState>Primary Constraint</indexState>
<isSurrogateKey>false</isSurrogateKey>
<indexColumnUsage>
<colUsage columnID="D19E9425-0F92-B552-D94B-6575F8230EE7"/>
</indexColumnUsage>
</ind_PK_UK>
<ind_PK_UK id="70C26743-3458-2252-2E86-B4EA1DC57B77" name="PozivNaIntervju_Trener_FK">
<createdBy>HP Pavilion</createdBy>
<createdTime>2024-07-24 16:54:32 UTC</createdTime>
<generatorID>0A27C2A0-2790-2484-9332-42C1A9FB87D3</generatorID>
<ownerDesignName>basketball-league</ownerDesignName>
<indexState>Foreign Key</indexState>
<isSurrogateKey>false</isSurrogateKey>
<indexColumnUsage>
<colUsage columnID="F1194D2C-563F-30B1-076D-7836C548438E"/>
</indexColumnUsage>
</ind_PK_UK>
<ind_PK_UK id="1511F598-D0E3-30CA-94E3-A376AEB7C27C" name="PozivNaIntervju_Regrut_FK">
<createdBy>HP Pavilion</createdBy>
<createdTime>2024-07-24 16:54:32 UTC</createdTime>
<generatorID>A1C2A846-8FBE-707D-27D6-87AF300D78EB</generatorID>
<ownerDesignName>basketball-league</ownerDesignName>
<indexState>Foreign Key</indexState>
<isSurrogateKey>false</isSurrogateKey>
<indexColumnUsage>
<colUsage columnID="0FFAF4CF-28F1-458C-F72B-8F80BBC7F449"/>
</indexColumnUsage>
</ind_PK_UK>
</indexes>
</Table>
