<?xml version = '1.0' encoding = 'UTF-8'?>
<Table class="oracle.dbtools.crest.model.design.relational.Table" directorySegmentName="seg_0" id="D5CB9565-A3AE-E336-7267-7CCEC8BE6461" name="Kreira">
<createdBy>HP Pavilion</createdBy>
<createdTime>2024-08-01 09:59:34 UTC</createdTime>
<ownerDesignName>basketball-league</ownerDesignName>
<allowColumnReorder>false</allowColumnReorder>
<existDependencyGenerateInDDl>true</existDependencyGenerateInDDl>
<parsed>true</parsed>
<columns itemClass="oracle.dbtools.crest.model.design.relational.Column">
<Column name="IdTim" id="28F476F3-071E-1352-5F80-914EB4D8DA81">
<createdBy>HP Pavilion</createdBy>
<createdTime>2024-08-01 09:59:34 UTC</createdTime>
<ownerDesignName>basketball-league</ownerDesignName>
<useDomainConstraints>false</useDomainConstraints>
<use>1</use>
<logicalDatatype>LOGDT011</logicalDatatype>
<ownDataTypeParameters>,,</ownDataTypeParameters>
<previousColumn>false</previousColumn>
<autoIncrementCycle>false</autoIncrementCycle>
<associations>
<colAssociation fkAssociation="16E21249-CAFC-4C63-63C4-D3B29CC643FE" referredColumn="00A781D7-3E50-ADDF-1CB2-13CF39362D08"/>
</associations>
</Column>
<Column name="IdZeljTim" id="19C680E0-7CEB-032F-793C-F8388C235A0F">
<createdBy>HP Pavilion</createdBy>
<createdTime>2024-08-01 09:59:34 UTC</createdTime>
<ownerDesignName>basketball-league</ownerDesignName>
<useDomainConstraints>false</useDomainConstraints>
<use>1</use>
<logicalDatatype>LOGDT011</logicalDatatype>
<ownDataTypeParameters>,,</ownDataTypeParameters>
<previousColumn>false</previousColumn>
<autoIncrementCycle>false</autoIncrementCycle>
<associations>
<colAssociation fkAssociation="AB0A05EA-41A1-4A1F-9909-A4E010FAC3F3" referredColumn="F9F77F18-04DA-6C3C-6627-200DFA77108A"/>
</associations>
</Column>
</columns>
<indexes itemClass="oracle.dbtools.crest.model.design.relational.Index">
<ind_PK_UK id="4717B108-5458-C687-F2C2-DFBEF7303668" name="Kreira_PK">
<createdBy>HP Pavilion</createdBy>
<createdTime>2024-08-01 09:59:34 UTC</createdTime>
<ownerDesignName>basketball-league</ownerDesignName>
<pk>true</pk>
<indexState>Primary Constraint</indexState>
<isSurrogateKey>false</isSurrogateKey>
<indexColumnUsage>
<colUsage columnID="28F476F3-071E-1352-5F80-914EB4D8DA81"/>
<colUsage columnID="19C680E0-7CEB-032F-793C-F8388C235A0F"/>
</indexColumnUsage>
</ind_PK_UK>
<ind_PK_UK id="2934905C-A221-366D-0089-7A0E4FDF69AC" name="Kreira_Tim_FK">
<createdBy>HP Pavilion</createdBy>
<createdTime>2024-08-01 09:59:34 UTC</createdTime>
<generatorID>85CADE04-5A43-54FC-DE3A-DC9F37180A58</generatorID>
<ownerDesignName>basketball-league</ownerDesignName>
<indexState>Foreign Key</indexState>
<isSurrogateKey>false</isSurrogateKey>
<indexColumnUsage>
<colUsage columnID="28F476F3-071E-1352-5F80-914EB4D8DA81"/>
</indexColumnUsage>
</ind_PK_UK>
<ind_PK_UK id="4786D62A-D30F-7E9F-5ECD-AD32B79E53AD" name="Kreira_ZeljaTima_FK">
<createdBy>HP Pavilion</createdBy>
<createdTime>2024-08-01 09:59:34 UTC</createdTime>
<generatorID>85CADE04-5A43-54FC-DE3A-DC9F37180A58</generatorID>
<ownerDesignName>basketball-league</ownerDesignName>
<indexState>Foreign Key</indexState>
<isSurrogateKey>false</isSurrogateKey>
<indexColumnUsage>
<colUsage columnID="19C680E0-7CEB-032F-793C-F8388C235A0F"/>
</indexColumnUsage>
</ind_PK_UK>
</indexes>
</Table>
