<?xml version = '1.0' encoding = 'UTF-8'?>
<Table class="oracle.dbtools.crest.model.design.relational.Table" directorySegmentName="seg_0" id="F22ED40A-C656-91F7-DF73-CBDDD938F595" name="Zaposleni">
<createdBy>HP Pavilion</createdBy>
<createdTime>2024-07-24 16:54:31 UTC</createdTime>
<generatorID>CB84AC04-D0B0-FF2B-79C3-0553CB50A501</generatorID>
<ownerDesignName>basketball-league</ownerDesignName>
<allowColumnReorder>false</allowColumnReorder>
<existDependencyGenerateInDDl>true</existDependencyGenerateInDDl>
<parsed>true</parsed>
<columns itemClass="oracle.dbtools.crest.model.design.relational.Column">
<Column name="Id" id="6BFEEFFE-33B3-9FE8-0799-CD2D116A7248">
<createdBy>HP Pavilion</createdBy>
<createdTime>2024-07-24 16:54:31 UTC</createdTime>
<generatorID>B829AB3A-B06E-88B7-55D5-3AB46479680F</generatorID>
<ownerDesignName>basketball-league</ownerDesignName>
<useDomainConstraints>false</useDomainConstraints>
<use>1</use>
<logicalDatatype>LOGDT011</logicalDatatype>
<ownDataTypeParameters>,,</ownDataTypeParameters>
<autoIncrementCycle>false</autoIncrementCycle>
<associations>
<colAssociation fkAssociation="7EF6234F-0F1B-F657-9B96-111D31C0E538" referredColumn="AE89C87A-5B4F-9929-5C2B-9626866121BA"/>
</associations>
</Column>
<Column name="UloZap" id="DC6ACC21-BFAB-3ECA-6CCC-36C37CA58CC6">
<createdBy>HP Pavilion</createdBy>
<createdTime>2024-07-24 16:54:31 UTC</createdTime>
<generatorID>225AA448-1F74-019B-D7A8-F9229715382C</generatorID>
<ownerDesignName>basketball-league</ownerDesignName>
<use>0</use>
<logicalDatatype>LOGDT024</logicalDatatype>
<domain>6E6E6420-1ED1-EF86-12DF-5804AE15C80D</domain>
<ownDataTypeParameters>,,</ownDataTypeParameters>
<autoIncrementCycle>false</autoIncrementCycle>
</Column>
<Column name="MbrZap" id="F8019131-0BC5-FCF3-4220-92F03BE4E743">
<createdBy>HP Pavilion</createdBy>
<createdTime>2024-07-24 16:54:31 UTC</createdTime>
<generatorID>14029CE6-FA29-E19B-DB0A-FCBC67B88A28</generatorID>
<ownerDesignName>basketball-league</ownerDesignName>
<useDomainConstraints>false</useDomainConstraints>
<use>1</use>
<logicalDatatype>LOGDT024</logicalDatatype>
<dataTypeSize>32 CHAR</dataTypeSize>
<ownDataTypeParameters>32 CHAR,,</ownDataTypeParameters>
<autoIncrementCycle>false</autoIncrementCycle>
</Column>
<Column name="Ugovor_IdUgo" id="84C6A587-F3F3-0247-BC5D-862EB89C70D3">
<createdBy>HP Pavilion</createdBy>
<createdTime>2024-07-24 16:54:31 UTC</createdTime>
<generatorID>955FCAFC-4907-5F9B-05AB-407C31F56CF2</generatorID>
<ownerDesignName>basketball-league</ownerDesignName>
<useDomainConstraints>false</useDomainConstraints>
<use>1</use>
<logicalDatatype>LOGDT011</logicalDatatype>
<ownDataTypeParameters>,,</ownDataTypeParameters>
<previousColumn>false</previousColumn>
<autoIncrementCycle>false</autoIncrementCycle>
<associations>
<colAssociation fkAssociation="6D026468-0869-6E0C-AF4A-856FD6C2A0F0" referredColumn="AD2517FA-D455-3A32-0464-C2AE79C608B6"/>
</associations>
</Column>
</columns>
<indexes itemClass="oracle.dbtools.crest.model.design.relational.Index">
<ind_PK_UK id="F94CE4A2-A3FA-4EB5-F0A8-0446FE1FD185" name="Zaposleni_PK">
<createdBy>HP Pavilion</createdBy>
<createdTime>2024-07-24 16:54:31 UTC</createdTime>
<generatorID>3CA6F0A0-5C30-755A-F7CE-DF45CC769EEA</generatorID>
<ownerDesignName>basketball-league</ownerDesignName>
<pk>true</pk>
<indexState>Primary Constraint</indexState>
<isSurrogateKey>false</isSurrogateKey>
<indexColumnUsage>
<colUsage columnID="6BFEEFFE-33B3-9FE8-0799-CD2D116A7248"/>
</indexColumnUsage>
</ind_PK_UK>
<ind_PK_UK id="16F77B32-B2B9-A030-CF39-1937E0261F69" name="Zaposleni__IDX">
<createdBy>HP Pavilion</createdBy>
<createdTime>2024-07-24 16:54:31 UTC</createdTime>
<ownerDesignName>basketball-league</ownerDesignName>
<indexState>Unique Plain Index</indexState>
<isSurrogateKey>false</isSurrogateKey>
<relationGeneratorID>9F30A3D6-4D97-C028-05D8-41FFB75E826F</relationGeneratorID>
<indexColumnUsage>
<colUsage columnID="84C6A587-F3F3-0247-BC5D-862EB89C70D3"/>
</indexColumnUsage>
</ind_PK_UK>
<ind_PK_UK id="1D071C94-6C99-E159-3E54-BED83E26C89F" name="Zaposleni_Korisnik_FK">
<createdBy>HP Pavilion</createdBy>
<createdTime>2024-07-24 16:54:31 UTC</createdTime>
<generatorID>2CEA3AB1-D0A0-C1EF-05C3-B0D2E64A55FB</generatorID>
<ownerDesignName>basketball-league</ownerDesignName>
<indexState>Foreign Key</indexState>
<isSurrogateKey>false</isSurrogateKey>
<indexColumnUsage>
<colUsage columnID="6BFEEFFE-33B3-9FE8-0799-CD2D116A7248"/>
</indexColumnUsage>
</ind_PK_UK>
<ind_PK_UK id="3591C55E-CC14-304D-10D3-DAD487F66431" name="Zaposleni_Ugovor_FK">
<createdBy>HP Pavilion</createdBy>
<createdTime>2024-07-24 16:54:31 UTC</createdTime>
<generatorID>9F30A3D6-4D97-C028-05D8-41FFB75E826F</generatorID>
<ownerDesignName>basketball-league</ownerDesignName>
<indexState>Foreign Key</indexState>
<isSurrogateKey>false</isSurrogateKey>
<indexColumnUsage>
<colUsage columnID="84C6A587-F3F3-0247-BC5D-862EB89C70D3"/>
</indexColumnUsage>
</ind_PK_UK>
</indexes>
</Table>
