<?xml version = '1.0' encoding = 'UTF-8'?>
<Table class="oracle.dbtools.crest.model.design.relational.Table" directorySegmentName="seg_0" id="F8486567-93A2-0F34-88AA-1CDF43BB006C" name="NedodirljivaImovinaTima">
<createdBy>HP Pavilion</createdBy>
<createdTime>2024-07-24 16:54:31 UTC</createdTime>
<generatorID>525DE1C5-E8B1-AEB0-6ABE-6C0164C1B9A0</generatorID>
<ownerDesignName>basketball-league</ownerDesignName>
<allowColumnReorder>false</allowColumnReorder>
<existDependencyGenerateInDDl>true</existDependencyGenerateInDDl>
<parsed>true</parsed>
<columns itemClass="oracle.dbtools.crest.model.design.relational.Column">
<Column name="IdNedIdTim" id="E82EF61A-5FDB-34D6-BDBE-6F573887BEB5">
<createdBy>HP Pavilion</createdBy>
<createdTime>2024-07-24 16:54:31 UTC</createdTime>
<generatorID>0E3A8CB1-9EEC-96E4-C264-94B565F5CD93</generatorID>
<ownerDesignName>basketball-league</ownerDesignName>
<useDomainConstraints>false</useDomainConstraints>
<use>1</use>
<logicalDatatype>LOGDT011</logicalDatatype>
<ownDataTypeParameters>,,</ownDataTypeParameters>
<autoIncrementCycle>false</autoIncrementCycle>
</Column>
<Column name="DatDodNedImoTim" id="5491A3FF-2127-51AC-FDC7-806B0C635B57">
<createdBy>HP Pavilion</createdBy>
<createdTime>2024-07-24 16:54:31 UTC</createdTime>
<generatorID>1DAF91AA-5CF9-2DAD-3B0F-6F4FC09EEF06</generatorID>
<ownerDesignName>basketball-league</ownerDesignName>
<useDomainConstraints>false</useDomainConstraints>
<use>1</use>
<logicalDatatype>LOGDT007</logicalDatatype>
<ownDataTypeParameters>,,</ownDataTypeParameters>
<autoIncrementCycle>false</autoIncrementCycle>
</Column>
<Column name="BelesNedImoTim" id="01D813CC-65E6-3007-A664-CB1051EEBE00">
<createdBy>HP Pavilion</createdBy>
<createdTime>2024-07-24 16:54:31 UTC</createdTime>
<generatorID>C05D8FA6-F1E0-1A80-F890-FF5B0E803E70</generatorID>
<ownerDesignName>basketball-league</ownerDesignName>
<nullsAllowed>true</nullsAllowed>
<useDomainConstraints>false</useDomainConstraints>
<use>1</use>
<logicalDatatype>LOGDT024</logicalDatatype>
<dataTypeSize>64 CHAR</dataTypeSize>
<ownDataTypeParameters>64 CHAR,,</ownDataTypeParameters>
<autoIncrementCycle>false</autoIncrementCycle>
</Column>
<Column name="IdTipNedImo" id="4080AC4C-43EE-5818-C210-B08EFE6D2B80">
<createdBy>HP Pavilion</createdBy>
<createdTime>2024-07-24 16:54:31 UTC</createdTime>
<generatorID>4F9AD32E-3477-309A-C6F7-4CA12D3EDCC7</generatorID>
<ownerDesignName>basketball-league</ownerDesignName>
<useDomainConstraints>false</useDomainConstraints>
<use>1</use>
<logicalDatatype>LOGDT011</logicalDatatype>
<ownDataTypeParameters>,,</ownDataTypeParameters>
<previousColumn>false</previousColumn>
<autoIncrementCycle>false</autoIncrementCycle>
<associations>
<colAssociation fkAssociation="8C6F97E3-2A43-C542-9B78-27506D5D5113" referredColumn="DC5E1684-40C6-106D-0326-592392D98A41"/>
</associations>
</Column>
<Column name="IdTim" id="47C1AA8E-ACC9-7CCD-39EC-4E47633248E4">
<createdBy>HP Pavilion</createdBy>
<createdTime>2024-07-24 16:54:31 UTC</createdTime>
<generatorID>6C6D40C9-8D51-7652-BD21-B4F7DEB85164</generatorID>
<ownerDesignName>basketball-league</ownerDesignName>
<nullsAllowed>true</nullsAllowed>
<useDomainConstraints>false</useDomainConstraints>
<use>1</use>
<logicalDatatype>LOGDT011</logicalDatatype>
<ownDataTypeParameters>,,</ownDataTypeParameters>
<previousColumn>false</previousColumn>
<autoIncrementCycle>false</autoIncrementCycle>
<associations>
<colAssociation fkAssociation="0F986BEE-619B-D4FE-DB85-F100487C5454" referredColumn="00A781D7-3E50-ADDF-1CB2-13CF39362D08"/>
</associations>
</Column>
</columns>
<indexes itemClass="oracle.dbtools.crest.model.design.relational.Index">
<ind_PK_UK id="623A2C82-DB61-2410-BC74-ACC706E69091" name="NedodirljivaImovinaTima_PK">
<createdBy>HP Pavilion</createdBy>
<createdTime>2024-07-24 16:54:31 UTC</createdTime>
<generatorID>990068D8-C74E-E9AD-60B1-06B94E50E71B</generatorID>
<ownerDesignName>basketball-league</ownerDesignName>
<pk>true</pk>
<indexState>Primary Constraint</indexState>
<isSurrogateKey>false</isSurrogateKey>
<indexColumnUsage>
<colUsage columnID="E82EF61A-5FDB-34D6-BDBE-6F573887BEB5"/>
</indexColumnUsage>
</ind_PK_UK>
<ind_PK_UK id="2F831FA6-D522-0CA9-352E-1A75FB942312" name="NedodirljivaImovinaTima__IDX">
<createdBy>HP Pavilion</createdBy>
<createdTime>2024-07-24 16:54:31 UTC</createdTime>
<ownerDesignName>basketball-league</ownerDesignName>
<indexState>Unique Plain Index</indexState>
<isSurrogateKey>false</isSurrogateKey>
<relationGeneratorID>1DD53E53-7541-201B-1BBD-83FB9D6728E3</relationGeneratorID>
<indexColumnUsage>
<colUsage columnID="47C1AA8E-ACC9-7CCD-39EC-4E47633248E4"/>
</indexColumnUsage>
</ind_PK_UK>
<ind_PK_UK id="0F5213DB-8D97-DE23-C1A8-D373FC0A46EF" name="NedoImoTim_TipNedoImo_FK">
<createdBy>HP Pavilion</createdBy>
<createdTime>2024-07-24 16:54:31 UTC</createdTime>
<generatorID>CEFE4145-1E1D-94D4-1B1E-A71D361C605A</generatorID>
<ownerDesignName>basketball-league</ownerDesignName>
<indexState>Foreign Key</indexState>
<isSurrogateKey>false</isSurrogateKey>
<indexColumnUsage>
<colUsage columnID="4080AC4C-43EE-5818-C210-B08EFE6D2B80"/>
</indexColumnUsage>
</ind_PK_UK>
<ind_PK_UK id="BD557331-1118-FC07-8535-59992501E2D4" name="NedoImoTim_Tim_FK">
<createdBy>HP Pavilion</createdBy>
<createdTime>2024-07-24 16:54:31 UTC</createdTime>
<generatorID>1DD53E53-7541-201B-1BBD-83FB9D6728E3</generatorID>
<ownerDesignName>basketball-league</ownerDesignName>
<indexState>Foreign Key</indexState>
<isSurrogateKey>false</isSurrogateKey>
<indexColumnUsage>
<colUsage columnID="47C1AA8E-ACC9-7CCD-39EC-4E47633248E4"/>
</indexColumnUsage>
</ind_PK_UK>
</indexes>
</Table>
