<?xml version = '1.0' encoding = 'UTF-8'?>
<Diagram class="oracle.dbtools.crest.swingui.relational.DPVRelational" name="Relational_1" id="AF1A1151-732E-DEEE-5503-C2688FE9ADC0">
<createdBy>HP Pavilion</createdBy>
<modifiedBy>HP Pavilion</modifiedBy>
<createdTime>2024-07-24 14:51:05 UTC</createdTime>
<autoRoute>false</autoRoute>
<boxInbox>true</boxInbox>
<showLegend>false</showLegend>
<showLabels>false</showLabels>
<showRelAttributes>false</showRelAttributes>
<gridEnabled>false</gridEnabled>
<showGrid>false</showGrid>
<diagramColor>-1</diagramColor>
<display>false</display>
<notation>1</notation>
<objectViews>
<OView class="oracle.dbtools.crest.swingui.relational.TVTable" oid="0AB24D52-C625-552E-D0BF-30E088D4959B" otype="Table" vid="851789A4-3EF2-0CB5-A673-A526EA39183F">
<hideElementsInCurrentOnly>false</hideElementsInCurrentOnly>
<bounds x="721" y="651" width="170" height="111"/>
</OView>
<OView class="oracle.dbtools.crest.swingui.relational.TVTable" oid="0C169DEB-88EF-FACC-2B62-50C2D1F51ABD" otype="Table" vid="086599FE-31A9-9908-FA35-5CC581536D4E">
<hideElementsInCurrentOnly>false</hideElementsInCurrentOnly>
<bounds x="2331" y="173" width="181" height="110"/>
</OView>
<OView class="oracle.dbtools.crest.swingui.relational.TVTable" oid="12B77BEB-38AD-16AC-BE2C-0A8579124F02" otype="Table" vid="5C628592-9E35-ED51-41FD-C00C7BA8950A">
<hideElementsInCurrentOnly>false</hideElementsInCurrentOnly>
<bounds x="22" y="423" width="195" height="151"/>
</OView>
<OView class="oracle.dbtools.crest.swingui.relational.TVTable" oid="1A0C1B8B-6057-CD0D-1851-A4B57B9C2BCD" otype="Table" vid="6292B2B8-2D17-77B8-1F95-F996AC422901">
<hideElementsInCurrentOnly>false</hideElementsInCurrentOnly>
<bounds x="488" y="595" width="313" height="158"/>
</OView>
<OView class="oracle.dbtools.crest.swingui.relational.TVTable" oid="335EC39C-1B61-B698-AC73-4407650CC172" otype="Table" vid="FF5B136A-6D9B-D04C-5B8B-ABD7586F4AAB">
<hideElementsInCurrentOnly>false</hideElementsInCurrentOnly>
<bounds x="1243" y="1256" width="170" height="110"/>
</OView>
<OView class="oracle.dbtools.crest.swingui.relational.TVTable" oid="34F0477A-F4DD-01C6-E90C-7780CD48094D" otype="Table" vid="F91ADA86-884E-6C5D-7977-9048D592961B">
<hideElementsInCurrentOnly>false</hideElementsInCurrentOnly>
<bounds x="1248" y="92" width="180" height="88"/>
</OView>
<OView class="oracle.dbtools.crest.swingui.relational.TVTable" oid="36A9E034-E544-58A5-2660-6180ADACFB9F" otype="Table" vid="AE9AB29B-E9D7-FA26-5109-11722221E7F6">
<hideElementsInCurrentOnly>false</hideElementsInCurrentOnly>
<bounds x="24" y="120" width="187" height="110"/>
</OView>
<OView class="oracle.dbtools.crest.swingui.relational.TVTable" oid="3893704D-1016-675F-AED4-BDC3D7FBB267" otype="Table" vid="106498B1-3FDB-A771-5765-A0B1C25402C2">
<hideElementsInCurrentOnly>false</hideElementsInCurrentOnly>
<bounds x="722" y="560" width="167" height="59"/>
</OView>
<OView class="oracle.dbtools.crest.swingui.relational.TVTable" oid="468A5E1C-B291-D6A6-FD8F-18C07F595E0F" otype="Table" vid="EECDA920-1154-09A9-54D9-AD4A2AEC0935">
<hideElementsInCurrentOnly>false</hideElementsInCurrentOnly>
<bounds x="727" y="575" width="295" height="138"/>
</OView>
<OView class="oracle.dbtools.crest.swingui.relational.TVTable" oid="4C72BF47-30FD-D1E7-A9C1-C1314E5A713F" otype="Table" vid="2EED3429-2C86-A550-1FCA-7F091A1D9042">
<hideElementsInCurrentOnly>false</hideElementsInCurrentOnly>
<bounds x="2303" y="538" width="249" height="149"/>
</OView>
<OView class="oracle.dbtools.crest.swingui.relational.TVTable" oid="4F8DA7C8-A500-BD5E-7C71-ABA574D2A3C0" otype="Table" vid="E4685FD1-95C8-07C0-08FD-148082744F14">
<hideElementsInCurrentOnly>false</hideElementsInCurrentOnly>
<bounds x="468" y="270" width="677" height="518"/>
</OView>
<OView class="oracle.dbtools.crest.swingui.relational.TVTable" oid="57C651B6-0774-181E-6F6E-3CB29D6E52F4" otype="Table" vid="B6560F84-C09D-D2FB-C022-3DA55E80F5E0">
<hideElementsInCurrentOnly>false</hideElementsInCurrentOnly>
<bounds x="1248" y="312" width="175" height="154"/>
</OView>
<OView class="oracle.dbtools.crest.swingui.relational.TVTable" oid="642BB1A6-E8EF-F266-7FF2-D16FE6A302E8" otype="Table" vid="37258927-5789-8A99-2858-474C110DAE93">
<hideElementsInCurrentOnly>false</hideElementsInCurrentOnly>
<bounds x="958" y="715" width="157" height="48"/>
</OView>
<OView class="oracle.dbtools.crest.swingui.relational.TVTable" oid="680DC799-D7EA-22FB-B0F9-3D327B749EBB" otype="Table" vid="D74C602D-6650-5FC9-A114-2829F4791A50">
<hideElementsInCurrentOnly>false</hideElementsInCurrentOnly>
<bounds x="2026" y="328" width="194" height="159"/>
</OView>
<OView class="oracle.dbtools.crest.swingui.relational.TVTable" oid="6E51D1C6-6F74-FEB8-DFDF-9AABDDDD3003" otype="Table" vid="BB7130C1-ECDE-37EF-5731-19E11D56DFA1">
<hideElementsInCurrentOnly>false</hideElementsInCurrentOnly>
<bounds x="474" y="411" width="209" height="128"/>
</OView>
<OView class="oracle.dbtools.crest.swingui.relational.TVTable" oid="77763C08-26BF-D3A1-4310-BF1D14D2F003" otype="Table" vid="240A4CD7-3C8D-A73A-0C51-264CE992DA70">
<hideElementsInCurrentOnly>false</hideElementsInCurrentOnly>
<bounds x="1592" y="324" width="183" height="150"/>
</OView>
<OView class="oracle.dbtools.crest.swingui.relational.TVTable" oid="87EA8050-986F-CFA8-020F-29AAA5F9D15B" otype="Table" vid="A61B7286-1D2A-C4BB-4BC2-6703085EAFEE">
<hideElementsInCurrentOnly>false</hideElementsInCurrentOnly>
<bounds x="2324" y="18" width="226" height="110"/>
</OView>
<OView class="oracle.dbtools.crest.swingui.relational.TVTable" oid="8AEC65EF-9834-3AE7-B21A-101D391F7A2F" otype="Table" vid="0A1ED13A-1F7D-4EE2-E012-9FDD7DE41120">
<hideElementsInCurrentOnly>false</hideElementsInCurrentOnly>
<bounds x="40" y="957" width="177" height="130"/>
</OView>
<OView class="oracle.dbtools.crest.swingui.relational.TVTable" oid="8D88DBC4-7971-1B8F-5734-59E8C9072B4A" otype="Table" vid="7AABEE56-7C13-DFBC-4220-F6459EA99BCD">
<hideElementsInCurrentOnly>false</hideElementsInCurrentOnly>
<bounds x="5" y="663" width="223" height="128"/>
</OView>
<OView class="oracle.dbtools.crest.swingui.relational.TVTable" oid="8FB9EA36-0943-8451-AADB-6A6FD819D573" otype="Table" vid="52AD803B-AD78-441B-6CC3-0B0B57FA38F7">
<hideElementsInCurrentOnly>false</hideElementsInCurrentOnly>
<bounds x="1879" y="688" width="170" height="110"/>
</OView>
<OView class="oracle.dbtools.crest.swingui.relational.TVTable" oid="9CC017AF-4598-284E-0A44-29120FB62E09" otype="Table" vid="C8224B2B-CB5D-FD8D-7C5F-CEF25E19FD0B">
<hideElementsInCurrentOnly>false</hideElementsInCurrentOnly>
<bounds x="2303" y="791" width="235" height="110"/>
</OView>
<OView class="oracle.dbtools.crest.swingui.relational.TVTable" oid="9E80D193-338A-B63E-C958-3BC8D8180532" otype="Table" vid="668216D3-6060-EE63-77A6-4B20975203F2">
<hideElementsInCurrentOnly>false</hideElementsInCurrentOnly>
<bounds x="1607" y="975" width="183" height="137"/>
</OView>
<OView class="oracle.dbtools.crest.swingui.relational.TVTable" oid="9F908EA7-8570-4F4F-10F7-0605C02AFE08" otype="Table" vid="CE05D488-37E7-28D7-6B0E-83ADBE0CB96B">
<hideElementsInCurrentOnly>false</hideElementsInCurrentOnly>
<bounds x="2018" y="173" width="206" height="124"/>
</OView>
<OView class="oracle.dbtools.crest.swingui.relational.TVTable" oid="A1863A2C-07DC-8D93-D56B-954E4CDF49B9" otype="Table" vid="0258E739-4238-FC45-12FB-6A575E2947CA">
<hideElementsInCurrentOnly>false</hideElementsInCurrentOnly>
<bounds x="271" y="546" width="170" height="110"/>
</OView>
<OView class="oracle.dbtools.crest.swingui.relational.TVTable" oid="A3B7C76D-9853-93EC-A047-019A23549E15" otype="Table" vid="40DC06CA-0A62-4B3D-B630-D49E7BDFB0EB">
<hideElementsInCurrentOnly>false</hideElementsInCurrentOnly>
<bounds x="1216" y="975" width="256" height="192"/>
</OView>
<OView class="oracle.dbtools.crest.swingui.relational.TVTable" oid="B209FEDE-B2CB-7471-E078-E1CC62E35F76" otype="Table" vid="418B863B-8A38-128E-6819-46C7600714B4">
<hideElementsInCurrentOnly>false</hideElementsInCurrentOnly>
<bounds x="257" y="121" width="193" height="110"/>
</OView>
<OView class="oracle.dbtools.crest.swingui.relational.TVTable" oid="BF119ABD-5B64-1C6A-F2B7-97F21970F07C" otype="Table" vid="79F677A8-E1C1-6023-93F2-8ED205E05BDB">
<hideElementsInCurrentOnly>false</hideElementsInCurrentOnly>
<bounds x="934" y="496" width="170" height="111"/>
</OView>
<OView class="oracle.dbtools.crest.swingui.relational.TVTable" oid="BFE6DEA8-0309-A50D-5A09-3762EC824FB5" otype="Table" vid="7D773DFE-2AA7-007C-746D-47BF3CF37367">
<hideElementsInCurrentOnly>false</hideElementsInCurrentOnly>
<bounds x="1608" y="690" width="170" height="146"/>
</OView>
<OView class="oracle.dbtools.crest.swingui.relational.TVTable" oid="C5DCA869-80D5-0BC5-A7DE-2B8E9B102F76" otype="Table" vid="5639B336-E579-396A-16E4-69C7201801E7">
<hideElementsInCurrentOnly>false</hideElementsInCurrentOnly>
<bounds x="469" y="954" width="215" height="140"/>
</OView>
<OView class="oracle.dbtools.crest.swingui.relational.TVTable" oid="D5CB9565-A3AE-E336-7267-7CCEC8BE6461" otype="Table" vid="FEAE7E94-DF50-D53A-7323-39809B625893">
<hideElementsInCurrentOnly>false</hideElementsInCurrentOnly>
<bounds x="535" y="112" width="170" height="110"/>
</OView>
<OView class="oracle.dbtools.crest.swingui.relational.TVTable" oid="F22ED40A-C656-91F7-DF73-CBDDD938F595" otype="Table" vid="A6C028D7-0328-8581-CC85-04E8EA6C5502">
<hideElementsInCurrentOnly>false</hideElementsInCurrentOnly>
<bounds x="682" y="382" width="415" height="392"/>
</OView>
<OView class="oracle.dbtools.crest.swingui.relational.TVTable" oid="F8486567-93A2-0F34-88AA-1CDF43BB006C" otype="Table" vid="E8A20A48-B5E5-403C-4D23-9A669568C427">
<hideElementsInCurrentOnly>false</hideElementsInCurrentOnly>
<bounds x="2001" y="0" width="232" height="149"/>
</OView>
</objectViews>
<connectors>
<Connector class="oracle.dbtools.crest.swingui.relational.TVFKRelation" oid="0F986BEE-619B-D4FE-DB85-F100487C5454" otype="FKIndexAssociation" vid_source="240A4CD7-3C8D-A73A-0C51-264CE992DA70" vid_target="E8A20A48-B5E5-403C-4D23-9A669568C427">
<hideElementsInCurrentOnly>false</hideElementsInCurrentOnly>
<backgroundColor>-16777216</backgroundColor>
<lineWidth>1</lineWidth>
<points>
<point x="1672" y="324"/>
<point x="1672" y="86"/>
<point x="2001" y="86"/>
</points>
</Connector>
<Connector class="oracle.dbtools.crest.swingui.relational.TVFKRelation" oid="14E30F96-C1CD-EBF3-E501-2D17AAA13803" otype="FKIndexAssociation" vid_source="37258927-5789-8A99-2858-474C110DAE93" vid_target="7D773DFE-2AA7-007C-746D-47BF3CF37367">
<hideElementsInCurrentOnly>false</hideElementsInCurrentOnly>
<backgroundColor>-16777216</backgroundColor>
<lineWidth>1</lineWidth>
<points>
<point x="1115" y="754"/>
<point x="1608" y="754"/>
</points>
</Connector>
<Connector class="oracle.dbtools.crest.swingui.relational.TVFKRelation" oid="16E21249-CAFC-4C63-63C4-D3B29CC643FE" otype="FKIndexAssociation" vid_source="240A4CD7-3C8D-A73A-0C51-264CE992DA70" vid_target="FEAE7E94-DF50-D53A-7323-39809B625893">
<hideElementsInCurrentOnly>false</hideElementsInCurrentOnly>
<backgroundColor>-16777216</backgroundColor>
<lineWidth>1</lineWidth>
<points>
<point x="1592" y="379"/>
<point x="705" y="185"/>
</points>
</Connector>
<Connector class="oracle.dbtools.crest.swingui.relational.TVFKRelation" oid="1D6988C4-DAD2-D7C5-3655-F83B956A48FA" otype="FKIndexAssociation" vid_source="BB7130C1-ECDE-37EF-5731-19E11D56DFA1" vid_target="0A1ED13A-1F7D-4EE2-E012-9FDD7DE41120">
<hideElementsInCurrentOnly>false</hideElementsInCurrentOnly>
<backgroundColor>-16777216</backgroundColor>
<lineWidth>1</lineWidth>
<points>
<point x="585" y="539"/>
<point x="585" y="878"/>
<point x="131" y="875"/>
<point x="131" y="957"/>
</points>
</Connector>
<Connector class="oracle.dbtools.crest.swingui.relational.TVFKRelation" oid="2929A592-65CA-B044-45F5-028AD2E219DE" otype="FKIndexAssociation" vid_source="A6C028D7-0328-8581-CC85-04E8EA6C5502" vid_target="106498B1-3FDB-A771-5765-A0B1C25402C2">
<hideElementsInCurrentOnly>false</hideElementsInCurrentOnly>
<backgroundColor>-16777216</backgroundColor>
<lineWidth>1</lineWidth>
<points>
<point x="1097" y="589"/>
<point x="722" y="589"/>
</points>
</Connector>
<Connector class="oracle.dbtools.crest.swingui.relational.TVFKRelation" oid="31BA88D7-7AA7-789F-80DF-AB8E2F58A28A" otype="FKIndexAssociation" vid_source="086599FE-31A9-9908-FA35-5CC581536D4E" vid_target="CE05D488-37E7-28D7-6B0E-83ADBE0CB96B">
<hideElementsInCurrentOnly>false</hideElementsInCurrentOnly>
<backgroundColor>-16777216</backgroundColor>
<lineWidth>1</lineWidth>
<points>
<point x="2331" y="228"/>
<point x="2224" y="228"/>
</points>
</Connector>
<Connector class="oracle.dbtools.crest.swingui.relational.TVFKRelation" oid="3A17D6E2-37C7-E4BE-037D-9EFFE6FC018D" otype="FKIndexAssociation" vid_source="851789A4-3EF2-0CB5-A673-A526EA39183F" vid_target="5639B336-E579-396A-16E4-69C7201801E7">
<hideElementsInCurrentOnly>false</hideElementsInCurrentOnly>
<backgroundColor>-16777216</backgroundColor>
<lineWidth>1</lineWidth>
<points>
<point x="806" y="762"/>
<point x="806" y="1031"/>
<point x="684" y="1031"/>
</points>
</Connector>
<Connector class="oracle.dbtools.crest.swingui.relational.TVFKRelation" oid="41961233-6144-515A-85B7-0DFD730C69EC" otype="FKIndexAssociation" vid_source="7D773DFE-2AA7-007C-746D-47BF3CF37367" vid_target="668216D3-6060-EE63-77A6-4B20975203F2">
<hideElementsInCurrentOnly>false</hideElementsInCurrentOnly>
<backgroundColor>-16777216</backgroundColor>
<lineWidth>1</lineWidth>
<points>
<point x="1693" y="836"/>
<point x="1693" y="975"/>
</points>
</Connector>
<Connector class="oracle.dbtools.crest.swingui.relational.TVFKRelation" oid="500CED9D-47DB-11B2-E993-65C2D0F088F2" otype="FKIndexAssociation" vid_source="A6C028D7-0328-8581-CC85-04E8EA6C5502" vid_target="851789A4-3EF2-0CB5-A673-A526EA39183F">
<hideElementsInCurrentOnly>false</hideElementsInCurrentOnly>
<backgroundColor>-16777216</backgroundColor>
<lineWidth>1</lineWidth>
<points>
<point x="1097" y="691"/>
<point x="721" y="691"/>
</points>
</Connector>
<Connector class="oracle.dbtools.crest.swingui.relational.TVFKRelation" oid="5333DFC5-E753-808A-AB47-66ECD765C046" otype="FKIndexAssociation" vid_source="BB7130C1-ECDE-37EF-5731-19E11D56DFA1" vid_target="52AD803B-AD78-441B-6CC3-0B0B57FA38F7">
<hideElementsInCurrentOnly>false</hideElementsInCurrentOnly>
<backgroundColor>-16777216</backgroundColor>
<lineWidth>1</lineWidth>
<points>
<point x="474" y="451"/>
<point x="235" y="451"/>
<point x="235" y="69"/>
<point x="1893" y="68"/>
<point x="1893" y="688"/>
</points>
</Connector>
<Connector class="oracle.dbtools.crest.swingui.relational.TVFKRelation" oid="57BF20CA-2EF0-0194-C27A-D73377819440" otype="FKIndexAssociation" vid_source="D74C602D-6650-5FC9-A114-2829F4791A50" vid_target="668216D3-6060-EE63-77A6-4B20975203F2">
<hideElementsInCurrentOnly>false</hideElementsInCurrentOnly>
<backgroundColor>-16777216</backgroundColor>
<lineWidth>1</lineWidth>
<points>
<point x="2119" y="487"/>
<point x="2119" y="1034"/>
<point x="1790" y="1034"/>
</points>
</Connector>
<Connector class="oracle.dbtools.crest.swingui.relational.TVFKRelation" oid="600374E7-8C71-1AAA-BBF7-B0787F35E34E" otype="FKIndexAssociation" vid_source="40DC06CA-0A62-4B3D-B630-D49E7BDFB0EB" vid_target="FF5B136A-6D9B-D04C-5B8B-ABD7586F4AAB">
<hideElementsInCurrentOnly>false</hideElementsInCurrentOnly>
<backgroundColor>-16777216</backgroundColor>
<lineWidth>1</lineWidth>
<points>
<point x="1328" y="1167"/>
<point x="1328" y="1256"/>
</points>
</Connector>
<Connector class="oracle.dbtools.crest.swingui.relational.TVFKRelation" oid="651C4D5B-8458-6E03-3314-B292E311BC1C" otype="FKIndexAssociation" vid_source="0258E739-4238-FC45-12FB-6A575E2947CA" vid_target="6292B2B8-2D17-77B8-1F95-F996AC422901">
<hideElementsInCurrentOnly>false</hideElementsInCurrentOnly>
<backgroundColor>-16777216</backgroundColor>
<lineWidth>1</lineWidth>
<points>
<point x="441" y="625"/>
<point x="488" y="625"/>
</points>
</Connector>
<Connector class="oracle.dbtools.crest.swingui.relational.TVFKRelation" oid="6D026468-0869-6E0C-AF4A-856FD6C2A0F0" otype="FKIndexAssociation" vid_source="B6560F84-C09D-D2FB-C022-3DA55E80F5E0" vid_target="A6C028D7-0328-8581-CC85-04E8EA6C5502">
<hideElementsInCurrentOnly>false</hideElementsInCurrentOnly>
<backgroundColor>-16777216</backgroundColor>
<lineWidth>1</lineWidth>
<points>
<point x="1248" y="424"/>
<point x="1097" y="424"/>
</points>
</Connector>
<Connector class="oracle.dbtools.crest.swingui.relational.TVFKRelation" oid="7066C5E6-235F-8551-1206-712BD5AE55A5" otype="FKIndexAssociation" vid_source="7AABEE56-7C13-DFBC-4220-F6459EA99BCD" vid_target="EECDA920-1154-09A9-54D9-AD4A2AEC0935">
<hideElementsInCurrentOnly>false</hideElementsInCurrentOnly>
<backgroundColor>-16777216</backgroundColor>
<lineWidth>1</lineWidth>
<points>
<point x="228" y="688"/>
<point x="727" y="688"/>
</points>
</Connector>
<Connector class="oracle.dbtools.crest.swingui.relational.TVFKRelation" oid="75440551-1D54-1495-A14A-1E6295D4DC67" otype="FKIndexAssociation" vid_source="418B863B-8A38-128E-6819-46C7600714B4" vid_target="BB7130C1-ECDE-37EF-5731-19E11D56DFA1">
<hideElementsInCurrentOnly>false</hideElementsInCurrentOnly>
<backgroundColor>-16777216</backgroundColor>
<lineWidth>1</lineWidth>
<points>
<point x="426" y="231"/>
<point x="426" y="428"/>
<point x="474" y="428"/>
</points>
</Connector>
<Connector class="oracle.dbtools.crest.swingui.relational.TVFKRelation" oid="7EF6234F-0F1B-F657-9B96-111D31C0E538" otype="FKIndexAssociation" vid_source="E4685FD1-95C8-07C0-08FD-148082744F14" vid_target="A6C028D7-0328-8581-CC85-04E8EA6C5502">
<hideElementsInCurrentOnly>false</hideElementsInCurrentOnly>
<backgroundColor>-16777216</backgroundColor>
<lineWidth>1</lineWidth>
<points>
<point x="1145" y="578"/>
<point x="682" y="578"/>
</points>
</Connector>
<Connector class="oracle.dbtools.crest.swingui.relational.TVFKRelation" oid="80220834-0A01-25C2-F150-F64CACDA06F4" otype="FKIndexAssociation" vid_source="79F677A8-E1C1-6023-93F2-8ED205E05BDB" vid_target="668216D3-6060-EE63-77A6-4B20975203F2">
<hideElementsInCurrentOnly>false</hideElementsInCurrentOnly>
<backgroundColor>-16777216</backgroundColor>
<lineWidth>1</lineWidth>
<points>
<point x="1104" y="570"/>
<point x="1510" y="570"/>
<point x="1513" y="983"/>
<point x="1513" y="1025"/>
<point x="1607" y="1025"/>
</points>
</Connector>
<Connector class="oracle.dbtools.crest.swingui.relational.TVFKRelation" oid="80F58128-CD7F-735F-26D4-A9687751BF9E" otype="FKIndexAssociation" vid_source="5639B336-E579-396A-16E4-69C7201801E7" vid_target="0A1ED13A-1F7D-4EE2-E012-9FDD7DE41120">
<hideElementsInCurrentOnly>false</hideElementsInCurrentOnly>
<backgroundColor>-16777216</backgroundColor>
<lineWidth>1</lineWidth>
<points>
<point x="469" y="1022"/>
<point x="217" y="1022"/>
</points>
</Connector>
<Connector class="oracle.dbtools.crest.swingui.relational.TVFKRelation" oid="810DB2D6-302A-7FD9-0280-159E8FFA8035" otype="FKIndexAssociation" vid_source="AE9AB29B-E9D7-FA26-5109-11722221E7F6" vid_target="5C628592-9E35-ED51-41FD-C00C7BA8950A">
<hideElementsInCurrentOnly>false</hideElementsInCurrentOnly>
<backgroundColor>-16777216</backgroundColor>
<lineWidth>1</lineWidth>
<points>
<point x="117" y="230"/>
<point x="117" y="423"/>
</points>
</Connector>
<Connector class="oracle.dbtools.crest.swingui.relational.TVFKRelation" oid="85EC3273-068E-0ACB-BA49-2B7BDD074A4C" otype="FKIndexAssociation" vid_source="BB7130C1-ECDE-37EF-5731-19E11D56DFA1" vid_target="EECDA920-1154-09A9-54D9-AD4A2AEC0935">
<hideElementsInCurrentOnly>false</hideElementsInCurrentOnly>
<backgroundColor>-16777216</backgroundColor>
<lineWidth>1</lineWidth>
<points>
<point x="683" y="421"/>
<point x="758" y="575"/>
</points>
</Connector>
<Connector class="oracle.dbtools.crest.swingui.relational.TVFKRelation" oid="8B0D2093-BB34-3CD3-E1FF-7C62694D0841" otype="FKIndexAssociation" vid_source="240A4CD7-3C8D-A73A-0C51-264CE992DA70" vid_target="2EED3429-2C86-A550-1FCA-7F091A1D9042">
<hideElementsInCurrentOnly>false</hideElementsInCurrentOnly>
<backgroundColor>-16777216</backgroundColor>
<lineWidth>1</lineWidth>
<points>
<point x="1752" y="474"/>
<point x="1752" y="585"/>
<point x="2303" y="585"/>
</points>
</Connector>
<Connector class="oracle.dbtools.crest.swingui.relational.TVFKRelation" oid="8C6F97E3-2A43-C542-9B78-27506D5D5113" otype="FKIndexAssociation" vid_source="A61B7286-1D2A-C4BB-4BC2-6703085EAFEE" vid_target="E8A20A48-B5E5-403C-4D23-9A669568C427">
<hideElementsInCurrentOnly>false</hideElementsInCurrentOnly>
<backgroundColor>-16777216</backgroundColor>
<lineWidth>1</lineWidth>
<points>
<point x="2324" y="73"/>
<point x="2233" y="73"/>
</points>
</Connector>
<Connector class="oracle.dbtools.crest.swingui.relational.TVFKRelation" oid="8DC678E6-2912-1489-4373-9F9F2279810D" otype="FKIndexAssociation" vid_source="7D773DFE-2AA7-007C-746D-47BF3CF37367" vid_target="52AD803B-AD78-441B-6CC3-0B0B57FA38F7">
<hideElementsInCurrentOnly>false</hideElementsInCurrentOnly>
<backgroundColor>-16777216</backgroundColor>
<lineWidth>1</lineWidth>
<points>
<point x="1778" y="759"/>
<point x="1879" y="759"/>
</points>
</Connector>
<Connector class="oracle.dbtools.crest.swingui.relational.TVFKRelation" oid="94A000BD-7E38-3971-1E8E-56F0B6E4080A" otype="FKIndexAssociation" vid_source="851789A4-3EF2-0CB5-A673-A526EA39183F" vid_target="7AABEE56-7C13-DFBC-4220-F6459EA99BCD">
<hideElementsInCurrentOnly>false</hideElementsInCurrentOnly>
<backgroundColor>-16777216</backgroundColor>
<lineWidth>1</lineWidth>
<points>
<point x="721" y="712"/>
<point x="228" y="712"/>
</points>
</Connector>
<Connector class="oracle.dbtools.crest.swingui.relational.TVFKRelation" oid="9D3A6715-78FF-E5E9-8A70-07509042925D" otype="FKIndexAssociation" vid_source="A6C028D7-0328-8581-CC85-04E8EA6C5502" vid_target="79F677A8-E1C1-6023-93F2-8ED205E05BDB">
<hideElementsInCurrentOnly>false</hideElementsInCurrentOnly>
<backgroundColor>-16777216</backgroundColor>
<lineWidth>1</lineWidth>
<points>
<point x="1097" y="551"/>
<point x="934" y="551"/>
</points>
</Connector>
<Connector class="oracle.dbtools.crest.swingui.relational.TVFKRelation" oid="AB0A05EA-41A1-4A1F-9909-A4E010FAC3F3" otype="FKIndexAssociation" vid_source="CE05D488-37E7-28D7-6B0E-83ADBE0CB96B" vid_target="FEAE7E94-DF50-D53A-7323-39809B625893">
<hideElementsInCurrentOnly>false</hideElementsInCurrentOnly>
<backgroundColor>-16777216</backgroundColor>
<lineWidth>1</lineWidth>
<points>
<point x="2018" y="197"/>
<point x="705" y="197"/>
</points>
</Connector>
<Connector class="oracle.dbtools.crest.swingui.relational.TVFKRelation" oid="AC17E645-3656-281E-208C-3E05A5C1D558" otype="FKIndexAssociation" vid_source="240A4CD7-3C8D-A73A-0C51-264CE992DA70" vid_target="7D773DFE-2AA7-007C-746D-47BF3CF37367">
<hideElementsInCurrentOnly>false</hideElementsInCurrentOnly>
<backgroundColor>-16777216</backgroundColor>
<lineWidth>1</lineWidth>
<points>
<point x="1691" y="474"/>
<point x="1691" y="690"/>
</points>
</Connector>
<Connector class="oracle.dbtools.crest.swingui.relational.TVFKRelation" oid="B63E2C2D-43E1-AD6C-D6F9-3F83E6CE5862" otype="FKIndexAssociation" vid_source="E4685FD1-95C8-07C0-08FD-148082744F14" vid_target="BB7130C1-ECDE-37EF-5731-19E11D56DFA1">
<hideElementsInCurrentOnly>false</hideElementsInCurrentOnly>
<backgroundColor>-16777216</backgroundColor>
<lineWidth>1</lineWidth>
<points>
<point x="776" y="270"/>
<point x="683" y="411"/>
</points>
</Connector>
<Connector class="oracle.dbtools.crest.swingui.relational.TVFKRelation" oid="B72457AA-4406-4D97-7465-C45571BC181B" otype="FKIndexAssociation" vid_source="7AABEE56-7C13-DFBC-4220-F6459EA99BCD" vid_target="5C628592-9E35-ED51-41FD-C00C7BA8950A">
<hideElementsInCurrentOnly>false</hideElementsInCurrentOnly>
<backgroundColor>-16777216</backgroundColor>
<lineWidth>1</lineWidth>
<points>
<point x="119" y="663"/>
<point x="119" y="574"/>
</points>
</Connector>
<Connector class="oracle.dbtools.crest.swingui.relational.TVFKRelation" oid="B79BEF14-27E2-2D21-8D7A-326A7F0A602B" otype="FKIndexAssociation" vid_source="52AD803B-AD78-441B-6CC3-0B0B57FA38F7" vid_target="D74C602D-6650-5FC9-A114-2829F4791A50">
<hideElementsInCurrentOnly>false</hideElementsInCurrentOnly>
<backgroundColor>-16777216</backgroundColor>
<lineWidth>1</lineWidth>
<points>
<point x="2037" y="688"/>
<point x="2037" y="487"/>
</points>
</Connector>
<Connector class="oracle.dbtools.crest.swingui.relational.TVFKRelation" oid="C046D967-EC15-A2BF-2A34-6B4A8DBB9C28" otype="FKIndexAssociation" vid_source="240A4CD7-3C8D-A73A-0C51-264CE992DA70" vid_target="B6560F84-C09D-D2FB-C022-3DA55E80F5E0">
<hideElementsInCurrentOnly>false</hideElementsInCurrentOnly>
<backgroundColor>-16777216</backgroundColor>
<lineWidth>1</lineWidth>
<points>
<point x="1592" y="395"/>
<point x="1423" y="395"/>
</points>
</Connector>
<Connector class="oracle.dbtools.crest.swingui.relational.TVFKRelation" oid="C07E40E7-5026-4104-9D87-430A1C659118" otype="FKIndexAssociation" vid_source="F91ADA86-884E-6C5D-7977-9048D592961B" vid_target="B6560F84-C09D-D2FB-C022-3DA55E80F5E0">
<hideElementsInCurrentOnly>false</hideElementsInCurrentOnly>
<backgroundColor>-16777216</backgroundColor>
<lineWidth>1</lineWidth>
<points>
<point x="1335" y="180"/>
<point x="1335" y="312"/>
</points>
</Connector>
<Connector class="oracle.dbtools.crest.swingui.relational.TVFKRelation" oid="C0D18E7E-4C59-6D54-C59E-9538832A8EC1" otype="FKIndexAssociation" vid_source="37258927-5789-8A99-2858-474C110DAE93" vid_target="40DC06CA-0A62-4B3D-B630-D49E7BDFB0EB">
<hideElementsInCurrentOnly>false</hideElementsInCurrentOnly>
<backgroundColor>-16777216</backgroundColor>
<lineWidth>1</lineWidth>
<points>
<point x="963" y="763"/>
<point x="963" y="1098"/>
<point x="1216" y="1098"/>
</points>
</Connector>
<Connector class="oracle.dbtools.crest.swingui.relational.TVFKRelation" oid="C1328B9C-9EBF-1CFC-55CA-588E45E38017" otype="FKIndexAssociation" vid_source="106498B1-3FDB-A771-5765-A0B1C25402C2" vid_target="6292B2B8-2D17-77B8-1F95-F996AC422901">
<hideElementsInCurrentOnly>false</hideElementsInCurrentOnly>
<backgroundColor>-16777216</backgroundColor>
<lineWidth>1</lineWidth>
<points>
<point x="722" y="607"/>
<point x="801" y="607"/>
</points>
</Connector>
<Connector class="oracle.dbtools.crest.swingui.relational.TVFKRelation" oid="D9424CE6-80FB-D75A-1B29-B0BA9597AA0C" otype="FKIndexAssociation" vid_source="240A4CD7-3C8D-A73A-0C51-264CE992DA70" vid_target="D74C602D-6650-5FC9-A114-2829F4791A50">
<hideElementsInCurrentOnly>false</hideElementsInCurrentOnly>
<backgroundColor>-16777216</backgroundColor>
<lineWidth>1</lineWidth>
<points>
<point x="1775" y="401"/>
<point x="2026" y="401"/>
</points>
</Connector>
<Connector class="oracle.dbtools.crest.swingui.relational.TVFKRelation" oid="DB61305A-F461-1C2F-7CA2-9C23A374BFCB" otype="FKIndexAssociation" vid_source="BB7130C1-ECDE-37EF-5731-19E11D56DFA1" vid_target="0258E739-4238-FC45-12FB-6A575E2947CA">
<hideElementsInCurrentOnly>false</hideElementsInCurrentOnly>
<backgroundColor>-16777216</backgroundColor>
<lineWidth>1</lineWidth>
<points>
<point x="474" y="501"/>
<point x="433" y="501"/>
<point x="433" y="546"/>
</points>
</Connector>
<Connector class="oracle.dbtools.crest.swingui.relational.TVFKRelation" oid="E258A1B7-6452-988C-FE0A-6860047C5BF9" otype="FKIndexAssociation" vid_source="40DC06CA-0A62-4B3D-B630-D49E7BDFB0EB" vid_target="668216D3-6060-EE63-77A6-4B20975203F2">
<hideElementsInCurrentOnly>false</hideElementsInCurrentOnly>
<backgroundColor>-16777216</backgroundColor>
<lineWidth>1</lineWidth>
<points>
<point x="1472" y="1043"/>
<point x="1607" y="1043"/>
</points>
</Connector>
<Connector class="oracle.dbtools.crest.swingui.relational.TVFKRelation" oid="E5058711-E634-14DA-A421-97E32246D9FD" otype="FKIndexAssociation" vid_source="37258927-5789-8A99-2858-474C110DAE93" vid_target="40DC06CA-0A62-4B3D-B630-D49E7BDFB0EB">
<hideElementsInCurrentOnly>false</hideElementsInCurrentOnly>
<backgroundColor>-16777216</backgroundColor>
<lineWidth>1</lineWidth>
<points>
<point x="1039" y="763"/>
<point x="1039" y="1030"/>
<point x="1216" y="1030"/>
</points>
</Connector>
<Connector class="oracle.dbtools.crest.swingui.relational.TVFKRelation" oid="E76ABF99-829B-8151-29D1-1825FE42179F" otype="FKIndexAssociation" vid_source="C8224B2B-CB5D-FD8D-7C5F-CEF25E19FD0B" vid_target="2EED3429-2C86-A550-1FCA-7F091A1D9042">
<hideElementsInCurrentOnly>false</hideElementsInCurrentOnly>
<backgroundColor>-16777216</backgroundColor>
<lineWidth>1</lineWidth>
<points>
<point x="2420" y="791"/>
<point x="2420" y="687"/>
</points>
</Connector>
<Connector class="oracle.dbtools.crest.swingui.relational.TVFKRelation" oid="E87D548C-3AE6-2216-1C10-E6546186102D" otype="FKIndexAssociation" vid_source="A6C028D7-0328-8581-CC85-04E8EA6C5502" vid_target="37258927-5789-8A99-2858-474C110DAE93">
<hideElementsInCurrentOnly>false</hideElementsInCurrentOnly>
<backgroundColor>-16777216</backgroundColor>
<lineWidth>1</lineWidth>
<points>
<point x="1097" y="739"/>
<point x="958" y="739"/>
</points>
</Connector>
<Connector class="oracle.dbtools.crest.swingui.relational.TVFKRelation" oid="EC971285-07BD-407A-04B9-0C78E60FBEDE" otype="FKIndexAssociation" vid_source="5C628592-9E35-ED51-41FD-C00C7BA8950A" vid_target="0258E739-4238-FC45-12FB-6A575E2947CA">
<hideElementsInCurrentOnly>false</hideElementsInCurrentOnly>
<backgroundColor>-16777216</backgroundColor>
<lineWidth>1</lineWidth>
<points>
<point x="217" y="560"/>
<point x="271" y="560"/>
</points>
</Connector>
<Connector class="oracle.dbtools.crest.swingui.relational.TVFKRelation" oid="FE3548B3-2AB3-DC09-897A-150476057DF8" otype="FKIndexAssociation" vid_source="BB7130C1-ECDE-37EF-5731-19E11D56DFA1" vid_target="5639B336-E579-396A-16E4-69C7201801E7">
<hideElementsInCurrentOnly>false</hideElementsInCurrentOnly>
<backgroundColor>-16777216</backgroundColor>
<lineWidth>1</lineWidth>
<points>
<point x="563" y="539"/>
<point x="563" y="954"/>
</points>
</Connector>
</connectors>
<arcs>
<Arc class="oracle.dbtools.crest.swingui.relational.TVFKArc" oid="324E9743-DB41-531A-C9A1-90BB7157C58A" otype="FKArc" vid="DF039D63-83C7-90E5-9085-31F40290C7EF">
<hideElementsInCurrentOnly>false</hideElementsInCurrentOnly>
<bounds x="448" y="250" width="717" height="558"/>
</Arc>
<Arc class="oracle.dbtools.crest.swingui.relational.TVFKArc" oid="87207C34-D522-D77F-EEE9-DE0483C09E20" otype="FKArc" vid="08BDD2EF-D04A-D197-D4C2-2B7C8A4C8DE4">
<hideElementsInCurrentOnly>false</hideElementsInCurrentOnly>
<bounds x="662" y="362" width="455" height="432"/>
</Arc>
</arcs>
</Diagram>
