<?xml version = '1.0' encoding = 'UTF-8'?>
<Table class="oracle.dbtools.crest.model.design.relational.Table" directorySegmentName="seg_0" id="07746B23-843C-1C79-9B65-06819506C439" name="Menadzer">
<createdBy>HP Pavilion</createdBy>
<createdTime>2024-08-04 20:41:55 UTC</createdTime>
<generatorID>0FA4F592-0A5B-655C-A5A4-CB3E61E8755A</generatorID>
<ownerDesignName>basketball-league</ownerDesignName>
<allowColumnReorder>false</allowColumnReorder>
<existDependencyGenerateInDDl>true</existDependencyGenerateInDDl>
<parsed>true</parsed>
<columns itemClass="oracle.dbtools.crest.model.design.relational.Column">
<Column name="Id" id="125F0D0E-65A3-9F89-F8BA-EA6A5BE7B7E6">
<createdBy>HP Pavilion</createdBy>
<createdTime>2024-08-04 20:41:55 UTC</createdTime>
<generatorID>B829AB3A-B06E-88B7-55D5-3AB46479680F</generatorID>
<ownerDesignName>basketball-league</ownerDesignName>
<useDomainConstraints>false</useDomainConstraints>
<use>1</use>
<logicalDatatype>LOGDT011</logicalDatatype>
<ownDataTypeParameters>,,</ownDataTypeParameters>
<autoIncrementCycle>false</autoIncrementCycle>
<associations>
<colAssociation fkAssociation="C594D380-E0C1-4902-79AF-168FA15CA1EA" referredColumn="DDF12B3E-92A0-3AF7-E6BB-F2266F08264A"/>
</associations>
</Column>
</columns>
<indexes itemClass="oracle.dbtools.crest.model.design.relational.Index">
<ind_PK_UK id="461CED31-1D0A-7977-1A84-EA6E0EFB3313" name="Menadzer_PK">
<createdBy>HP Pavilion</createdBy>
<createdTime>2024-08-04 20:41:55 UTC</createdTime>
<generatorID>3CA6F0A0-5C30-755A-F7CE-DF45CC769EEA</generatorID>
<ownerDesignName>basketball-league</ownerDesignName>
<pk>true</pk>
<indexState>Primary Constraint</indexState>
<isSurrogateKey>false</isSurrogateKey>
<indexColumnUsage>
<colUsage columnID="125F0D0E-65A3-9F89-F8BA-EA6A5BE7B7E6"/>
</indexColumnUsage>
</ind_PK_UK>
<ind_PK_UK id="90BF5DBA-084B-9442-9B93-50FB64E9908B" name="Menadzer_Zaposleni_FK">
<createdBy>HP Pavilion</createdBy>
<createdTime>2024-08-04 20:41:55 UTC</createdTime>
<generatorID>0CA04815-C22A-6531-1D15-FF7DF83EA551</generatorID>
<ownerDesignName>basketball-league</ownerDesignName>
<indexState>Foreign Key</indexState>
<isSurrogateKey>false</isSurrogateKey>
<indexColumnUsage>
<colUsage columnID="125F0D0E-65A3-9F89-F8BA-EA6A5BE7B7E6"/>
</indexColumnUsage>
</ind_PK_UK>
</indexes>
</Table>
