<?xml version = '1.0' encoding = 'UTF-8'?>
<Table class="oracle.dbtools.crest.model.design.relational.Table" directorySegmentName="seg_0" id="1324C306-E9FB-E184-95FE-1FEE5073EA92" name="Bira">
<createdBy>HP Pavilion</createdBy>
<createdTime>2024-08-04 20:41:55 UTC</createdTime>
<generatorID>49BC6A4D-63DB-D3D1-F29F-CF4630B36F96</generatorID>
<ownerDesignName>basketball-league</ownerDesignName>
<allowColumnReorder>false</allowColumnReorder>
<existDependencyGenerateInDDl>true</existDependencyGenerateInDDl>
<parsed>true</parsed>
<columns itemClass="oracle.dbtools.crest.model.design.relational.Column">
<Column name="IdRegrut" id="3E16CAE2-E51C-FAA8-C98C-75C48D2A94D3">
<createdBy>HP Pavilion</createdBy>
<createdTime>2024-08-04 20:41:55 UTC</createdTime>
<generatorID>29EAAF5B-B06C-B6CD-7B99-985316FF9669</generatorID>
<ownerDesignName>basketball-league</ownerDesignName>
<useDomainConstraints>false</useDomainConstraints>
<use>1</use>
<logicalDatatype>LOGDT011</logicalDatatype>
<ownDataTypeParameters>,,</ownDataTypeParameters>
<previousColumn>false</previousColumn>
<autoIncrementCycle>false</autoIncrementCycle>
<associations>
<colAssociation fkAssociation="CE9B5085-CFFF-923F-A2F8-B026ECF93B30" referredColumn="6FC2BD51-8BFE-58E3-DA8C-88563FFA88FD"/>
</associations>
</Column>
<Column name="IdPik" id="C30926F3-A24A-7F21-5864-95E2257C0346">
<createdBy>HP Pavilion</createdBy>
<createdTime>2024-08-04 20:41:55 UTC</createdTime>
<generatorID>71F3D286-B0D1-D5C8-15C4-E0EB90BCC20A</generatorID>
<ownerDesignName>basketball-league</ownerDesignName>
<useDomainConstraints>false</useDomainConstraints>
<use>1</use>
<logicalDatatype>LOGDT011</logicalDatatype>
<ownDataTypeParameters>,,</ownDataTypeParameters>
<previousColumn>false</previousColumn>
<autoIncrementCycle>false</autoIncrementCycle>
<associations>
<colAssociation fkAssociation="0011C56E-F760-87AA-2864-A406620DFC93" referredColumn="CB7385E8-B9C3-2C51-20FD-71109C2FC9C8"/>
</associations>
</Column>
</columns>
<indexes itemClass="oracle.dbtools.crest.model.design.relational.Index">
<ind_PK_UK id="B596FE19-BB96-7DED-1397-423CA4AE2D77" name="Bira_PK">
<createdBy>HP Pavilion</createdBy>
<createdTime>2024-08-04 20:41:55 UTC</createdTime>
<generatorID>DC8C5E47-75CF-C373-7703-65CC5EC62D26</generatorID>
<ownerDesignName>basketball-league</ownerDesignName>
<pk>true</pk>
<indexState>Primary Constraint</indexState>
<isSurrogateKey>false</isSurrogateKey>
<indexColumnUsage>
<colUsage columnID="3E16CAE2-E51C-FAA8-C98C-75C48D2A94D3"/>
<colUsage columnID="C30926F3-A24A-7F21-5864-95E2257C0346"/>
</indexColumnUsage>
</ind_PK_UK>
<ind_PK_UK id="3B674D63-C72A-EDA3-80A1-03EE0EC85890" name="Bira__IDX">
<createdBy>HP Pavilion</createdBy>
<createdTime>2024-08-04 20:41:55 UTC</createdTime>
<ownerDesignName>basketball-league</ownerDesignName>
<indexState>Unique Plain Index</indexState>
<isSurrogateKey>false</isSurrogateKey>
<relationGeneratorID>8A510ECF-1FE5-776B-5078-3916FCE3240D</relationGeneratorID>
<indexColumnUsage>
<colUsage columnID="C30926F3-A24A-7F21-5864-95E2257C0346"/>
</indexColumnUsage>
</ind_PK_UK>
<ind_PK_UK id="064402E7-EDA0-803B-EBD5-BBBB2873DA95" name="Bira__IDXv1">
<createdBy>HP Pavilion</createdBy>
<createdTime>2024-08-04 20:41:55 UTC</createdTime>
<ownerDesignName>basketball-league</ownerDesignName>
<indexState>Unique Plain Index</indexState>
<isSurrogateKey>false</isSurrogateKey>
<relationGeneratorID>3ABF7FCA-1CFF-57C4-6551-4C30E59678C8</relationGeneratorID>
<indexColumnUsage>
<colUsage columnID="3E16CAE2-E51C-FAA8-C98C-75C48D2A94D3"/>
</indexColumnUsage>
</ind_PK_UK>
<ind_PK_UK id="FF53281A-1B4D-4A76-A528-B1C25DA84865" name="Bira_Pik_FK">
<createdBy>HP Pavilion</createdBy>
<createdTime>2024-08-04 20:41:55 UTC</createdTime>
<generatorID>8A510ECF-1FE5-776B-5078-3916FCE3240D</generatorID>
<ownerDesignName>basketball-league</ownerDesignName>
<indexState>Foreign Key</indexState>
<isSurrogateKey>false</isSurrogateKey>
<indexColumnUsage>
<colUsage columnID="C30926F3-A24A-7F21-5864-95E2257C0346"/>
</indexColumnUsage>
</ind_PK_UK>
<ind_PK_UK id="116A39DC-1A41-68EE-DD5D-B5F8A8D1ECDD" name="Bira_Regrut_FK">
<createdBy>HP Pavilion</createdBy>
<createdTime>2024-08-04 20:41:55 UTC</createdTime>
<generatorID>3ABF7FCA-1CFF-57C4-6551-4C30E59678C8</generatorID>
<ownerDesignName>basketball-league</ownerDesignName>
<indexState>Foreign Key</indexState>
<isSurrogateKey>false</isSurrogateKey>
<indexColumnUsage>
<colUsage columnID="3E16CAE2-E51C-FAA8-C98C-75C48D2A94D3"/>
</indexColumnUsage>
</ind_PK_UK>
</indexes>
</Table>
