<?xml version = '1.0' encoding = 'UTF-8'?>
<Table class="oracle.dbtools.crest.model.design.relational.Table" directorySegmentName="seg_0" id="42C3AB2C-E772-4BDD-71EC-16155E7740CB" name="Kreira">
<createdBy>HP Pavilion</createdBy>
<createdTime>2024-08-04 20:41:55 UTC</createdTime>
<ownerDesignName>basketball-league</ownerDesignName>
<allowColumnReorder>false</allowColumnReorder>
<existDependencyGenerateInDDl>true</existDependencyGenerateInDDl>
<parsed>true</parsed>
<columns itemClass="oracle.dbtools.crest.model.design.relational.Column">
<Column name="IdTim" id="89D4A31E-1B11-336C-A10A-F944E047B656">
<createdBy>HP Pavilion</createdBy>
<createdTime>2024-08-04 20:41:55 UTC</createdTime>
<ownerDesignName>basketball-league</ownerDesignName>
<useDomainConstraints>false</useDomainConstraints>
<use>1</use>
<logicalDatatype>LOGDT011</logicalDatatype>
<ownDataTypeParameters>,,</ownDataTypeParameters>
<previousColumn>false</previousColumn>
<autoIncrementCycle>false</autoIncrementCycle>
<associations>
<colAssociation fkAssociation="3DB24604-C2F8-0A7C-554E-921E3FB514CD" referredColumn="9883FF01-7468-D8DC-7B0F-8F6706967A7F"/>
</associations>
</Column>
<Column name="IdZeljTim" id="F2F57AC8-7B24-2484-D645-16E31F408F3E">
<createdBy>HP Pavilion</createdBy>
<createdTime>2024-08-04 20:41:55 UTC</createdTime>
<ownerDesignName>basketball-league</ownerDesignName>
<useDomainConstraints>false</useDomainConstraints>
<use>1</use>
<logicalDatatype>LOGDT011</logicalDatatype>
<ownDataTypeParameters>,,</ownDataTypeParameters>
<previousColumn>false</previousColumn>
<autoIncrementCycle>false</autoIncrementCycle>
<associations>
<colAssociation fkAssociation="DFB9541D-E008-1B4F-E080-7E72D409167B" referredColumn="57C1BE69-5DC1-6EE7-DF8C-88ECA0B2C98B"/>
</associations>
</Column>
</columns>
<indexes itemClass="oracle.dbtools.crest.model.design.relational.Index">
<ind_PK_UK id="06BCA7DA-C05E-3E2F-D72C-34869AE8BC14" name="Kreira_PK">
<createdBy>HP Pavilion</createdBy>
<createdTime>2024-08-04 20:41:55 UTC</createdTime>
<ownerDesignName>basketball-league</ownerDesignName>
<pk>true</pk>
<indexState>Primary Constraint</indexState>
<isSurrogateKey>false</isSurrogateKey>
<indexColumnUsage>
<colUsage columnID="89D4A31E-1B11-336C-A10A-F944E047B656"/>
<colUsage columnID="F2F57AC8-7B24-2484-D645-16E31F408F3E"/>
</indexColumnUsage>
</ind_PK_UK>
<ind_PK_UK id="DB43E859-F930-8373-0FE4-68988F686A73" name="Kreira_Tim_FK">
<createdBy>HP Pavilion</createdBy>
<createdTime>2024-08-04 20:41:55 UTC</createdTime>
<generatorID>85CADE04-5A43-54FC-DE3A-DC9F37180A58</generatorID>
<ownerDesignName>basketball-league</ownerDesignName>
<indexState>Foreign Key</indexState>
<isSurrogateKey>false</isSurrogateKey>
<indexColumnUsage>
<colUsage columnID="89D4A31E-1B11-336C-A10A-F944E047B656"/>
</indexColumnUsage>
</ind_PK_UK>
<ind_PK_UK id="AA9CF431-A5CA-03B4-3A57-C9517D1E74E1" name="Kreira_ZeljaTima_FK">
<createdBy>HP Pavilion</createdBy>
<createdTime>2024-08-04 20:41:55 UTC</createdTime>
<generatorID>85CADE04-5A43-54FC-DE3A-DC9F37180A58</generatorID>
<ownerDesignName>basketball-league</ownerDesignName>
<indexState>Foreign Key</indexState>
<isSurrogateKey>false</isSurrogateKey>
<indexColumnUsage>
<colUsage columnID="F2F57AC8-7B24-2484-D645-16E31F408F3E"/>
</indexColumnUsage>
</ind_PK_UK>
</indexes>
</Table>
