<?xml version = '1.0' encoding = 'UTF-8'?>
<Table class="oracle.dbtools.crest.model.design.relational.Table" directorySegmentName="seg_0" id="76CF6199-09E8-DD45-8C78-C22A0E45816E" name="Trening">
<createdBy>HP Pavilion</createdBy>
<createdTime>2024-08-04 20:41:55 UTC</createdTime>
<generatorID>6D69ABF7-8AC8-7E54-0CDE-0925DA31289C</generatorID>
<ownerDesignName>basketball-league</ownerDesignName>
<allowColumnReorder>false</allowColumnReorder>
<existDependencyGenerateInDDl>true</existDependencyGenerateInDDl>
<parsed>true</parsed>
<columns itemClass="oracle.dbtools.crest.model.design.relational.Column">
<Column name="IdTrng" id="E563087B-5AC7-38F9-2B99-11C0FB06114B">
<createdBy>HP Pavilion</createdBy>
<createdTime>2024-08-04 20:41:55 UTC</createdTime>
<generatorID>67080D3D-770A-F086-F6BE-815508B28CF6</generatorID>
<ownerDesignName>basketball-league</ownerDesignName>
<useDomainConstraints>false</useDomainConstraints>
<use>1</use>
<logicalDatatype>LOGDT011</logicalDatatype>
<ownDataTypeParameters>,,</ownDataTypeParameters>
<autoIncrementCycle>false</autoIncrementCycle>
</Column>
<Column name="TrajTrng" id="0F6BBF9F-F267-4BFC-392B-E39226167795">
<createdBy>HP Pavilion</createdBy>
<createdTime>2024-08-04 20:41:55 UTC</createdTime>
<generatorID>CA089699-0286-A38D-0725-FCCF52C4F597</generatorID>
<ownerDesignName>basketball-league</ownerDesignName>
<useDomainConstraints>false</useDomainConstraints>
<use>1</use>
<logicalDatatype>LOGDT024</logicalDatatype>
<dataTypeSize>4 CHAR</dataTypeSize>
<ownDataTypeParameters>4 CHAR,,</ownDataTypeParameters>
<autoIncrementCycle>false</autoIncrementCycle>
</Column>
<Column name="DatVreTrng" id="410872AB-FE98-ABF9-D6B8-96340E54C0A3">
<createdBy>HP Pavilion</createdBy>
<createdTime>2024-08-04 20:41:55 UTC</createdTime>
<generatorID>A6353527-F3D5-D35F-ED66-A2AE02E3EE5D</generatorID>
<ownerDesignName>basketball-league</ownerDesignName>
<useDomainConstraints>false</useDomainConstraints>
<use>1</use>
<logicalDatatype>LOGDT007</logicalDatatype>
<ownDataTypeParameters>,,</ownDataTypeParameters>
<autoIncrementCycle>false</autoIncrementCycle>
</Column>
<Column name="MesOdrTrng" id="09206AB3-D85D-9E51-161C-AFA4EBE5B118">
<createdBy>HP Pavilion</createdBy>
<createdTime>2024-08-04 20:41:55 UTC</createdTime>
<generatorID>C87C6D1B-C695-7BDE-CD8E-741E4F4B9B55</generatorID>
<ownerDesignName>basketball-league</ownerDesignName>
<useDomainConstraints>false</useDomainConstraints>
<use>1</use>
<logicalDatatype>LOGDT024</logicalDatatype>
<dataTypeSize>32 CHAR</dataTypeSize>
<ownDataTypeParameters>32 CHAR,,</ownDataTypeParameters>
<autoIncrementCycle>false</autoIncrementCycle>
</Column>
<Column name="BelesTrng" id="632DBC24-EAC5-CF2B-BACC-D41A2A68E010">
<createdBy>HP Pavilion</createdBy>
<createdTime>2024-08-04 20:41:55 UTC</createdTime>
<generatorID>3812E15C-E2C9-85A2-7982-8390FC759993</generatorID>
<ownerDesignName>basketball-league</ownerDesignName>
<useDomainConstraints>false</useDomainConstraints>
<use>1</use>
<logicalDatatype>LOGDT024</logicalDatatype>
<dataTypeSize>64 CHAR</dataTypeSize>
<ownDataTypeParameters>64 CHAR,,</ownDataTypeParameters>
<autoIncrementCycle>false</autoIncrementCycle>
</Column>
<Column name="IdTipTrng" id="59A14FDA-AFBE-C2DC-8A6F-3297FAC85ACB">
<createdBy>HP Pavilion</createdBy>
<createdTime>2024-08-04 20:41:55 UTC</createdTime>
<generatorID>EA4FEA64-8304-7BBD-1396-7AC7272037E1</generatorID>
<ownerDesignName>basketball-league</ownerDesignName>
<useDomainConstraints>false</useDomainConstraints>
<use>1</use>
<logicalDatatype>LOGDT011</logicalDatatype>
<ownDataTypeParameters>,,</ownDataTypeParameters>
<previousColumn>false</previousColumn>
<autoIncrementCycle>false</autoIncrementCycle>
<associations>
<colAssociation fkAssociation="7A3461DF-7C62-0920-292C-9B340A6CF8B1" referredColumn="900B0CE6-51BE-FC60-9C7B-DEF0E9D1B2D1"/>
</associations>
</Column>
<Column name="IdPozTrng" id="E21E2D30-947E-8FB3-C98D-622659EA264A">
<createdBy>HP Pavilion</createdBy>
<createdTime>2024-08-04 20:41:55 UTC</createdTime>
<generatorID>4A057B3C-F249-4348-022A-299FD883A485</generatorID>
<ownerDesignName>basketball-league</ownerDesignName>
<useDomainConstraints>false</useDomainConstraints>
<use>1</use>
<logicalDatatype>LOGDT011</logicalDatatype>
<ownDataTypeParameters>,,</ownDataTypeParameters>
<previousColumn>false</previousColumn>
<autoIncrementCycle>false</autoIncrementCycle>
<associations>
<colAssociation fkAssociation="28FD9B47-5E35-900F-EF7E-5F450296EB83" referredColumn="32F7106A-A5BE-050A-602D-8F70F8AF0EE3"/>
</associations>
</Column>
</columns>
<indexes itemClass="oracle.dbtools.crest.model.design.relational.Index">
<ind_PK_UK id="1698A391-83B6-0911-D9F1-474C8356D59B" name="Trening_PK">
<createdBy>HP Pavilion</createdBy>
<createdTime>2024-08-04 20:41:55 UTC</createdTime>
<generatorID>DDEA3CE5-90D3-F521-750D-AC07F398B2DC</generatorID>
<ownerDesignName>basketball-league</ownerDesignName>
<pk>true</pk>
<indexState>Primary Constraint</indexState>
<isSurrogateKey>false</isSurrogateKey>
<indexColumnUsage>
<colUsage columnID="E563087B-5AC7-38F9-2B99-11C0FB06114B"/>
</indexColumnUsage>
</ind_PK_UK>
<ind_PK_UK id="990F3E01-2981-9F9A-A3E5-361A4E25CCB8" name="Trening__IDX">
<createdBy>HP Pavilion</createdBy>
<createdTime>2024-08-04 20:41:55 UTC</createdTime>
<ownerDesignName>basketball-league</ownerDesignName>
<indexState>Unique Plain Index</indexState>
<isSurrogateKey>false</isSurrogateKey>
<relationGeneratorID>1BC7AD1D-F40C-34D9-B1E9-F879A12B1C0C</relationGeneratorID>
<indexColumnUsage>
<colUsage columnID="E21E2D30-947E-8FB3-C98D-622659EA264A"/>
</indexColumnUsage>
</ind_PK_UK>
<ind_PK_UK id="C5293C2D-DE2B-1B28-2860-C04FC1524F35" name="Trening_TipTreninga_FK">
<createdBy>HP Pavilion</createdBy>
<createdTime>2024-08-04 20:41:55 UTC</createdTime>
<generatorID>A1688310-B1FF-9618-B0FB-5EABDF8D8E9F</generatorID>
<ownerDesignName>basketball-league</ownerDesignName>
<indexState>Foreign Key</indexState>
<isSurrogateKey>false</isSurrogateKey>
<indexColumnUsage>
<colUsage columnID="59A14FDA-AFBE-C2DC-8A6F-3297FAC85ACB"/>
</indexColumnUsage>
</ind_PK_UK>
<ind_PK_UK id="D49027E6-6E74-E859-424E-7FDC1757A6C4" name="Trening_PozivNaTrening_FK">
<createdBy>HP Pavilion</createdBy>
<createdTime>2024-08-04 20:41:55 UTC</createdTime>
<generatorID>1BC7AD1D-F40C-34D9-B1E9-F879A12B1C0C</generatorID>
<ownerDesignName>basketball-league</ownerDesignName>
<indexState>Foreign Key</indexState>
<isSurrogateKey>false</isSurrogateKey>
<indexColumnUsage>
<colUsage columnID="E21E2D30-947E-8FB3-C98D-622659EA264A"/>
</indexColumnUsage>
</ind_PK_UK>
</indexes>
</Table>
