<?xml version = '1.0' encoding = 'UTF-8'?>
<Table class="oracle.dbtools.crest.model.design.relational.Table" directorySegmentName="seg_0" id="794F5D86-1A2C-82B1-6B9D-4B15A3C36C1A" name="Ucestvuje">
<createdBy>HP Pavilion</createdBy>
<createdTime>2024-08-04 20:41:55 UTC</createdTime>
<generatorID>198EFB94-8E7E-0A4A-AE0A-97F78E2AE3FA</generatorID>
<ownerDesignName>basketball-league</ownerDesignName>
<allowColumnReorder>false</allowColumnReorder>
<existDependencyGenerateInDDl>true</existDependencyGenerateInDDl>
<parsed>true</parsed>
<columns itemClass="oracle.dbtools.crest.model.design.relational.Column">
<Column name="IdRegrut" id="CD1C65A1-FE75-3AA7-3968-105C01636BE9">
<createdBy>HP Pavilion</createdBy>
<createdTime>2024-08-04 20:41:55 UTC</createdTime>
<generatorID>F0E833AC-8C21-751F-3C8A-B6BFCFA8C804</generatorID>
<ownerDesignName>basketball-league</ownerDesignName>
<useDomainConstraints>false</useDomainConstraints>
<use>1</use>
<logicalDatatype>LOGDT011</logicalDatatype>
<ownDataTypeParameters>,,</ownDataTypeParameters>
<previousColumn>false</previousColumn>
<autoIncrementCycle>false</autoIncrementCycle>
<associations>
<colAssociation fkAssociation="1D73AD64-6216-2233-7AD2-292CE10FB840" referredColumn="6FC2BD51-8BFE-58E3-DA8C-88563FFA88FD"/>
</associations>
</Column>
<Column name="IdTrng" id="ABD63C45-5F58-504D-0C2D-0D6CE1A8F361">
<createdBy>HP Pavilion</createdBy>
<createdTime>2024-08-04 20:41:55 UTC</createdTime>
<generatorID>E8A99BF6-46A2-3B34-7924-BC8C0A7532AA</generatorID>
<ownerDesignName>basketball-league</ownerDesignName>
<useDomainConstraints>false</useDomainConstraints>
<use>1</use>
<logicalDatatype>LOGDT011</logicalDatatype>
<ownDataTypeParameters>,,</ownDataTypeParameters>
<previousColumn>false</previousColumn>
<autoIncrementCycle>false</autoIncrementCycle>
<associations>
<colAssociation fkAssociation="5A3C8C3D-2535-83EA-7D33-19367E7E6216" referredColumn="E563087B-5AC7-38F9-2B99-11C0FB06114B"/>
</associations>
</Column>
</columns>
<indexes itemClass="oracle.dbtools.crest.model.design.relational.Index">
<ind_PK_UK id="5C2F3DA5-A6D8-99CC-4945-A707DD7A6CBC" name="Ucestvuje_PK">
<createdBy>HP Pavilion</createdBy>
<createdTime>2024-08-04 20:41:55 UTC</createdTime>
<generatorID>BA02AE87-CD04-D607-C0D7-2D216C44E24E</generatorID>
<ownerDesignName>basketball-league</ownerDesignName>
<pk>true</pk>
<indexState>Primary Constraint</indexState>
<isSurrogateKey>false</isSurrogateKey>
<indexColumnUsage>
<colUsage columnID="CD1C65A1-FE75-3AA7-3968-105C01636BE9"/>
<colUsage columnID="ABD63C45-5F58-504D-0C2D-0D6CE1A8F361"/>
</indexColumnUsage>
</ind_PK_UK>
<ind_PK_UK id="BC377A0B-F2AC-A74A-5452-383DCA0B0D2B" name="Ucestvuje_Regrut_FK">
<createdBy>HP Pavilion</createdBy>
<createdTime>2024-08-04 20:41:55 UTC</createdTime>
<generatorID>ADEDBDFE-BC98-7D11-5636-B6ED512439A4</generatorID>
<ownerDesignName>basketball-league</ownerDesignName>
<indexState>Foreign Key</indexState>
<isSurrogateKey>false</isSurrogateKey>
<indexColumnUsage>
<colUsage columnID="CD1C65A1-FE75-3AA7-3968-105C01636BE9"/>
</indexColumnUsage>
</ind_PK_UK>
<ind_PK_UK id="79FCA068-A61E-98D6-2A7D-AF8E87488A9B" name="Ucestvuje_Trening_FK">
<createdBy>HP Pavilion</createdBy>
<createdTime>2024-08-04 20:41:55 UTC</createdTime>
<generatorID>08D52B92-2F72-66D6-A164-D1124D349268</generatorID>
<ownerDesignName>basketball-league</ownerDesignName>
<indexState>Foreign Key</indexState>
<isSurrogateKey>false</isSurrogateKey>
<indexColumnUsage>
<colUsage columnID="ABD63C45-5F58-504D-0C2D-0D6CE1A8F361"/>
</indexColumnUsage>
</ind_PK_UK>
</indexes>
</Table>
