<?xml version = '1.0' encoding = 'UTF-8'?>
<Table class="oracle.dbtools.crest.model.design.relational.Table" directorySegmentName="seg_0" id="AD272209-56BB-4591-3074-816F69B3879B" name="Ugovor">
<createdBy>HP Pavilion</createdBy>
<createdTime>2024-08-04 20:41:55 UTC</createdTime>
<generatorID>AD721176-20AB-C7B1-D7D8-CD0D7A291673</generatorID>
<ownerDesignName>basketball-league</ownerDesignName>
<allowColumnReorder>false</allowColumnReorder>
<existDependencyGenerateInDDl>true</existDependencyGenerateInDDl>
<parsed>true</parsed>
<columns itemClass="oracle.dbtools.crest.model.design.relational.Column">
<Column name="IdUgo" id="9E468DB2-EFBE-B0FA-5325-1668241C9880">
<createdBy>HP Pavilion</createdBy>
<createdTime>2024-08-04 20:41:55 UTC</createdTime>
<generatorID>73DB4B66-2097-08C4-A45E-54BB3A284ECE</generatorID>
<ownerDesignName>basketball-league</ownerDesignName>
<useDomainConstraints>false</useDomainConstraints>
<use>1</use>
<logicalDatatype>LOGDT011</logicalDatatype>
<ownDataTypeParameters>,,</ownDataTypeParameters>
<autoIncrementCycle>false</autoIncrementCycle>
</Column>
<Column name="DatPotUgo" id="0567F927-C769-CEAA-005E-96394BDBE810">
<createdBy>HP Pavilion</createdBy>
<createdTime>2024-08-04 20:41:55 UTC</createdTime>
<generatorID>7E0A333F-3A3D-3C05-5BF0-56E13B7C4F3B</generatorID>
<ownerDesignName>basketball-league</ownerDesignName>
<nullsAllowed>true</nullsAllowed>
<useDomainConstraints>false</useDomainConstraints>
<use>1</use>
<logicalDatatype>LOGDT007</logicalDatatype>
<ownDataTypeParameters>,,</ownDataTypeParameters>
<autoIncrementCycle>false</autoIncrementCycle>
</Column>
<Column name="DatVazUgo" id="1158399B-C74F-6A77-B3D7-19AA1EA11B3F">
<createdBy>HP Pavilion</createdBy>
<createdTime>2024-08-04 20:41:55 UTC</createdTime>
<generatorID>5CE0FB7F-2648-6532-EAD6-54C6FA840594</generatorID>
<ownerDesignName>basketball-league</ownerDesignName>
<useDomainConstraints>false</useDomainConstraints>
<use>1</use>
<logicalDatatype>LOGDT007</logicalDatatype>
<ownDataTypeParameters>,,</ownDataTypeParameters>
<autoIncrementCycle>false</autoIncrementCycle>
</Column>
<Column name="VredUgo" id="2B2D16D1-A3CD-0A52-FBBD-461DC31C8D2F">
<createdBy>HP Pavilion</createdBy>
<createdTime>2024-08-04 20:41:55 UTC</createdTime>
<generatorID>0815926C-E4AD-72F9-3E62-7122433F2D3C</generatorID>
<ownerDesignName>basketball-league</ownerDesignName>
<useDomainConstraints>false</useDomainConstraints>
<use>1</use>
<logicalDatatype>LOGDT024</logicalDatatype>
<dataTypeSize>6 CHAR</dataTypeSize>
<ownDataTypeParameters>6 CHAR,,</ownDataTypeParameters>
<autoIncrementCycle>false</autoIncrementCycle>
</Column>
<Column name="OpcUgo" id="EEA10E20-8EA6-6ED9-D158-2AA04E4CE740">
<createdBy>HP Pavilion</createdBy>
<createdTime>2024-08-04 20:41:55 UTC</createdTime>
<generatorID>9C3914E2-3368-2865-A7E7-14FBC8D313BD</generatorID>
<ownerDesignName>basketball-league</ownerDesignName>
<use>0</use>
<logicalDatatype>LOGDT024</logicalDatatype>
<domain>B96FD086-4B14-C2F3-23B3-4FDFCC261964</domain>
<ownDataTypeParameters>,,</ownDataTypeParameters>
<autoIncrementCycle>false</autoIncrementCycle>
</Column>
<Column name="IdTim" id="B6DF42D0-9F49-A223-3508-0B3BBCA1C931">
<createdBy>HP Pavilion</createdBy>
<createdTime>2024-08-04 20:41:55 UTC</createdTime>
<generatorID>5FD8096C-EAC1-DDF3-8360-4BAAB1D9FF6A</generatorID>
<ownerDesignName>basketball-league</ownerDesignName>
<useDomainConstraints>false</useDomainConstraints>
<use>1</use>
<logicalDatatype>LOGDT011</logicalDatatype>
<ownDataTypeParameters>,,</ownDataTypeParameters>
<previousColumn>false</previousColumn>
<autoIncrementCycle>false</autoIncrementCycle>
<associations>
<colAssociation fkAssociation="80F2ED3C-8C97-4DCA-451D-84FC171F777C" referredColumn="9883FF01-7468-D8DC-7B0F-8F6706967A7F"/>
</associations>
</Column>
<Column name="IdTipUgo" id="ED8D8E19-3866-B7FC-80E7-D284414C3C37">
<createdBy>HP Pavilion</createdBy>
<createdTime>2024-08-04 20:41:55 UTC</createdTime>
<generatorID>66C6A140-C639-0E84-8AF2-610BC3DC5329</generatorID>
<ownerDesignName>basketball-league</ownerDesignName>
<useDomainConstraints>false</useDomainConstraints>
<use>1</use>
<logicalDatatype>LOGDT011</logicalDatatype>
<ownDataTypeParameters>,,</ownDataTypeParameters>
<previousColumn>false</previousColumn>
<autoIncrementCycle>false</autoIncrementCycle>
<associations>
<colAssociation fkAssociation="09FF9E36-A8D5-BD5A-C534-20D398934D4A" referredColumn="402D2D67-8442-6B19-4687-DF50C58DEED3"/>
</associations>
</Column>
</columns>
<indexes itemClass="oracle.dbtools.crest.model.design.relational.Index">
<ind_PK_UK id="8BCB2527-A521-8A91-1D44-ED7367D306C0" name="Ugovor_PK">
<createdBy>HP Pavilion</createdBy>
<createdTime>2024-08-04 20:41:55 UTC</createdTime>
<generatorID>28661BB1-578F-A46A-D512-47C064025FCD</generatorID>
<ownerDesignName>basketball-league</ownerDesignName>
<pk>true</pk>
<indexState>Primary Constraint</indexState>
<isSurrogateKey>false</isSurrogateKey>
<indexColumnUsage>
<colUsage columnID="9E468DB2-EFBE-B0FA-5325-1668241C9880"/>
</indexColumnUsage>
</ind_PK_UK>
<ind_PK_UK id="1599D2B8-48A1-B3F3-F98F-E86828DA0464" name="Ugovor_Tim_FK">
<createdBy>HP Pavilion</createdBy>
<createdTime>2024-08-04 20:41:55 UTC</createdTime>
<generatorID>9B0BBAF3-1BFF-4715-F877-46E14ADE8A26</generatorID>
<ownerDesignName>basketball-league</ownerDesignName>
<indexState>Foreign Key</indexState>
<isSurrogateKey>false</isSurrogateKey>
<indexColumnUsage>
<colUsage columnID="B6DF42D0-9F49-A223-3508-0B3BBCA1C931"/>
</indexColumnUsage>
</ind_PK_UK>
<ind_PK_UK id="8A096B0E-E694-CC23-5B85-70D46129A404" name="Ugovor_TipUgovora_FK">
<createdBy>HP Pavilion</createdBy>
<createdTime>2024-08-04 20:41:55 UTC</createdTime>
<generatorID>F0EA2159-C9D6-F441-AB75-8F235EAEAE99</generatorID>
<ownerDesignName>basketball-league</ownerDesignName>
<indexState>Foreign Key</indexState>
<isSurrogateKey>false</isSurrogateKey>
<indexColumnUsage>
<colUsage columnID="ED8D8E19-3866-B7FC-80E7-D284414C3C37"/>
</indexColumnUsage>
</ind_PK_UK>
</indexes>
</Table>
