<?xml version = '1.0' encoding = 'UTF-8'?>
<Table class="oracle.dbtools.crest.model.design.relational.Table" directorySegmentName="seg_0" id="BAA8844E-8033-255C-5E40-D8173228B12C" name="ZeljaTima">
<createdBy>HP Pavilion</createdBy>
<createdTime>2024-08-04 20:41:55 UTC</createdTime>
<generatorID>C16C07F1-5401-A7AD-273F-933960A37A47</generatorID>
<ownerDesignName>basketball-league</ownerDesignName>
<allowColumnReorder>false</allowColumnReorder>
<existDependencyGenerateInDDl>true</existDependencyGenerateInDDl>
<parsed>true</parsed>
<columns itemClass="oracle.dbtools.crest.model.design.relational.Column">
<Column name="IdZeljTim" id="57C1BE69-5DC1-6EE7-DF8C-88ECA0B2C98B">
<createdBy>HP Pavilion</createdBy>
<createdTime>2024-08-04 20:41:55 UTC</createdTime>
<generatorID>1FA4D001-FCB1-6AD2-298C-A78CF9072DD6</generatorID>
<ownerDesignName>basketball-league</ownerDesignName>
<useDomainConstraints>false</useDomainConstraints>
<use>1</use>
<logicalDatatype>LOGDT011</logicalDatatype>
<ownDataTypeParameters>,,</ownDataTypeParameters>
<autoIncrementCycle>false</autoIncrementCycle>
</Column>
<Column name="DatDodZeljTim" id="FC65AAE3-716D-1971-CB97-37CCDC55A2BA">
<createdBy>HP Pavilion</createdBy>
<createdTime>2024-08-04 20:41:55 UTC</createdTime>
<generatorID>8B3B5875-D732-6398-EA13-1C38AD1A6FD5</generatorID>
<ownerDesignName>basketball-league</ownerDesignName>
<useDomainConstraints>false</useDomainConstraints>
<use>1</use>
<logicalDatatype>LOGDT007</logicalDatatype>
<ownDataTypeParameters>,,</ownDataTypeParameters>
<autoIncrementCycle>false</autoIncrementCycle>
</Column>
<Column name="BelesZeljTim" id="30DF9395-F7CD-01C4-21C8-129861CD8C3D">
<createdBy>HP Pavilion</createdBy>
<createdTime>2024-08-04 20:41:55 UTC</createdTime>
<generatorID>30849796-8C7B-88D5-ADF4-4A7292B883FE</generatorID>
<ownerDesignName>basketball-league</ownerDesignName>
<nullsAllowed>true</nullsAllowed>
<useDomainConstraints>false</useDomainConstraints>
<use>1</use>
<logicalDatatype>LOGDT024</logicalDatatype>
<dataTypeSize>64 CHAR</dataTypeSize>
<ownDataTypeParameters>64 CHAR,,</ownDataTypeParameters>
<autoIncrementCycle>false</autoIncrementCycle>
</Column>
<Column name="IdTipZelje" id="C7C574FB-7FF3-4638-F347-E28FA324C545">
<createdBy>HP Pavilion</createdBy>
<createdTime>2024-08-04 20:41:55 UTC</createdTime>
<generatorID>DCD4D8EA-FBF5-B465-34F1-612A4B91D1D3</generatorID>
<ownerDesignName>basketball-league</ownerDesignName>
<useDomainConstraints>false</useDomainConstraints>
<use>1</use>
<logicalDatatype>LOGDT011</logicalDatatype>
<ownDataTypeParameters>,,</ownDataTypeParameters>
<previousColumn>false</previousColumn>
<autoIncrementCycle>false</autoIncrementCycle>
<associations>
<colAssociation fkAssociation="84D646DA-02C6-C80E-0D38-2EF38973DE1E" referredColumn="25446F4E-DEDE-E53F-4373-C7E399AB44CF"/>
</associations>
</Column>
<Column name="IdPrava" id="BEF9EB6F-C11A-D8FE-716A-F2A10AFE8CC4">
<createdBy>HP Pavilion</createdBy>
<createdTime>2024-08-04 20:41:55 UTC</createdTime>
<generatorID>5CB82902-6FB5-0245-1482-FEB2D4FAFD32</generatorID>
<ownerDesignName>basketball-league</ownerDesignName>
<nullsAllowed>true</nullsAllowed>
<useDomainConstraints>false</useDomainConstraints>
<use>1</use>
<logicalDatatype>LOGDT011</logicalDatatype>
<ownDataTypeParameters>,,</ownDataTypeParameters>
<previousColumn>false</previousColumn>
<autoIncrementCycle>false</autoIncrementCycle>
<associations>
<colAssociation fkAssociation="5554F7E4-D1A4-0706-C516-60C5E6A6FC67" referredColumn="4798DD30-CAA8-351D-FA56-ADE8A6108ABB"/>
</associations>
</Column>
<Column name="IdPik" id="A5B074CF-D263-917B-C62E-64A8A3E8E13B">
<createdBy>HP Pavilion</createdBy>
<createdTime>2024-08-04 20:41:55 UTC</createdTime>
<generatorID>A418F00B-FD37-DCFE-541B-70B0DBE294E1</generatorID>
<ownerDesignName>basketball-league</ownerDesignName>
<nullsAllowed>true</nullsAllowed>
<useDomainConstraints>false</useDomainConstraints>
<use>1</use>
<logicalDatatype>LOGDT011</logicalDatatype>
<ownDataTypeParameters>,,</ownDataTypeParameters>
<previousColumn>false</previousColumn>
<autoIncrementCycle>false</autoIncrementCycle>
<associations>
<colAssociation fkAssociation="053E4844-0135-2B8F-B188-FD93795350DE" referredColumn="CB7385E8-B9C3-2C51-20FD-71109C2FC9C8"/>
</associations>
</Column>
<Column name="IdIgrac" id="617E1057-CB11-BD18-BC6C-B8E2D74F1EAC">
<createdBy>HP Pavilion</createdBy>
<createdTime>2024-08-04 20:41:55 UTC</createdTime>
<generatorID>2AA7D034-E88F-3AD9-C51D-57A591E7791C</generatorID>
<ownerDesignName>basketball-league</ownerDesignName>
<nullsAllowed>true</nullsAllowed>
<useDomainConstraints>false</useDomainConstraints>
<use>1</use>
<logicalDatatype>LOGDT011</logicalDatatype>
<ownDataTypeParameters>,,</ownDataTypeParameters>
<previousColumn>false</previousColumn>
<autoIncrementCycle>false</autoIncrementCycle>
<associations>
<colAssociation fkAssociation="07DC2717-49D2-14D9-6305-DCA3E9340F99" referredColumn="14A954C3-9F31-9F10-CE31-F0374F46539E"/>
</associations>
</Column>
</columns>
<indexes itemClass="oracle.dbtools.crest.model.design.relational.Index">
<ind_PK_UK id="32F0F754-76C4-74E1-6EEE-76972DE49D98" name="ZeljaTima_PK">
<createdBy>HP Pavilion</createdBy>
<createdTime>2024-08-04 20:41:55 UTC</createdTime>
<generatorID>27411BFE-FB64-C282-30AF-0B586D629090</generatorID>
<ownerDesignName>basketball-league</ownerDesignName>
<pk>true</pk>
<indexState>Primary Constraint</indexState>
<isSurrogateKey>false</isSurrogateKey>
<indexColumnUsage>
<colUsage columnID="57C1BE69-5DC1-6EE7-DF8C-88ECA0B2C98B"/>
</indexColumnUsage>
</ind_PK_UK>
<ind_PK_UK id="17B07D3B-2CDF-4117-E92B-089198B80D81" name="ZeljaTima_TipZelje_FK">
<createdBy>HP Pavilion</createdBy>
<createdTime>2024-08-04 20:41:55 UTC</createdTime>
<generatorID>514E3F5C-A361-1813-BDC1-1B917F0D5D3A</generatorID>
<ownerDesignName>basketball-league</ownerDesignName>
<indexState>Foreign Key</indexState>
<isSurrogateKey>false</isSurrogateKey>
<indexColumnUsage>
<colUsage columnID="C7C574FB-7FF3-4638-F347-E28FA324C545"/>
</indexColumnUsage>
</ind_PK_UK>
<ind_PK_UK id="3AB3718B-FB5A-78F6-200A-DE6B31E5D2E3" name="ZeljaTima_Igrac_FK">
<createdBy>HP Pavilion</createdBy>
<createdTime>2024-08-04 20:41:55 UTC</createdTime>
<generatorID>9211B86A-24F9-F397-6E5A-37627C1BD868</generatorID>
<ownerDesignName>basketball-league</ownerDesignName>
<indexState>Foreign Key</indexState>
<isSurrogateKey>false</isSurrogateKey>
<indexColumnUsage>
<colUsage columnID="617E1057-CB11-BD18-BC6C-B8E2D74F1EAC"/>
</indexColumnUsage>
</ind_PK_UK>
<ind_PK_UK id="6978C1E2-CDA9-4A52-0B51-466CAB60C081" name="ZeljaTima_PravaNaIgr_FK">
<createdBy>HP Pavilion</createdBy>
<createdTime>2024-08-04 20:41:55 UTC</createdTime>
<generatorID>E8B49ADB-6785-D4C1-4C04-83F981D624EB</generatorID>
<ownerDesignName>basketball-league</ownerDesignName>
<indexState>Foreign Key</indexState>
<isSurrogateKey>false</isSurrogateKey>
<indexColumnUsage>
<colUsage columnID="BEF9EB6F-C11A-D8FE-716A-F2A10AFE8CC4"/>
</indexColumnUsage>
</ind_PK_UK>
<ind_PK_UK id="9F30B888-02A4-A388-4F43-AE67E8BB2B60" name="ZeljaTima_Pik_FK">
<createdBy>HP Pavilion</createdBy>
<createdTime>2024-08-04 20:41:55 UTC</createdTime>
<generatorID>2782446E-CFDF-6F58-0CEB-86F73BA34508</generatorID>
<ownerDesignName>basketball-league</ownerDesignName>
<indexState>Foreign Key</indexState>
<isSurrogateKey>false</isSurrogateKey>
<indexColumnUsage>
<colUsage columnID="A5B074CF-D263-917B-C62E-64A8A3E8E13B"/>
</indexColumnUsage>
</ind_PK_UK>
</indexes>
</Table>
