<?xml version = '1.0' encoding = 'UTF-8'?>
<Table class="oracle.dbtools.crest.model.design.relational.Table" directorySegmentName="seg_0" id="EC666479-9D67-C299-2962-9258F4B96BE3" name="PozivNaIntervju">
<createdBy>HP Pavilion</createdBy>
<createdTime>2024-08-04 20:41:55 UTC</createdTime>
<generatorID>ACE34664-A6FF-AD1E-EA88-2826234B0801</generatorID>
<ownerDesignName>basketball-league</ownerDesignName>
<allowColumnReorder>false</allowColumnReorder>
<existDependencyGenerateInDDl>true</existDependencyGenerateInDDl>
<parsed>true</parsed>
<columns itemClass="oracle.dbtools.crest.model.design.relational.Column">
<Column name="IdPozInt" id="FA2734FB-3244-B020-E6AA-3F2924D8E42E">
<createdBy>HP Pavilion</createdBy>
<createdTime>2024-08-04 20:41:55 UTC</createdTime>
<generatorID>32CF8EF2-41A2-1488-CC76-69AE524F937E</generatorID>
<ownerDesignName>basketball-league</ownerDesignName>
<useDomainConstraints>false</useDomainConstraints>
<use>1</use>
<logicalDatatype>LOGDT011</logicalDatatype>
<ownDataTypeParameters>,,</ownDataTypeParameters>
<autoIncrementCycle>false</autoIncrementCycle>
</Column>
<Column name="MesOdrPozInt" id="EBD19CC2-9324-FB75-D429-5DD22A688C2F">
<createdBy>HP Pavilion</createdBy>
<createdTime>2024-08-04 20:41:55 UTC</createdTime>
<generatorID>4574078B-CE0F-2BEB-A66E-DBA2FC4F3441</generatorID>
<ownerDesignName>basketball-league</ownerDesignName>
<useDomainConstraints>false</useDomainConstraints>
<use>1</use>
<logicalDatatype>LOGDT024</logicalDatatype>
<dataTypeSize>24 CHAR</dataTypeSize>
<ownDataTypeParameters>24 CHAR,,</ownDataTypeParameters>
<autoIncrementCycle>false</autoIncrementCycle>
</Column>
<Column name="DatVrePozInt" id="62FCC9FA-ECD3-9362-5528-CDF83C2B909D">
<createdBy>HP Pavilion</createdBy>
<createdTime>2024-08-04 20:41:55 UTC</createdTime>
<generatorID>E8AB423D-38C7-5325-A91C-D79F3642A0F0</generatorID>
<ownerDesignName>basketball-league</ownerDesignName>
<useDomainConstraints>false</useDomainConstraints>
<use>1</use>
<logicalDatatype>LOGDT007</logicalDatatype>
<ownDataTypeParameters>,,</ownDataTypeParameters>
<autoIncrementCycle>false</autoIncrementCycle>
</Column>
<Column name="StatusPozInt" id="E5DAF90D-910D-8870-DAEA-255DDAF90622">
<createdBy>HP Pavilion</createdBy>
<createdTime>2024-08-04 20:41:55 UTC</createdTime>
<generatorID>9CFDD56F-0B74-2578-8C3D-EFC26737CE5E</generatorID>
<ownerDesignName>basketball-league</ownerDesignName>
<use>0</use>
<logicalDatatype>LOGDT024</logicalDatatype>
<domain>09DA3D9B-65E1-EC32-7FCB-C55AA585D6E0</domain>
<ownDataTypeParameters>,,</ownDataTypeParameters>
<autoIncrementCycle>false</autoIncrementCycle>
</Column>
<Column name="RazOdbPozInt" id="5250904D-C67E-49F8-0A70-F102D58DF155">
<createdBy>HP Pavilion</createdBy>
<createdTime>2024-08-04 20:41:55 UTC</createdTime>
<generatorID>4F600D7D-FDE3-E276-96CA-2A11005FAB07</generatorID>
<ownerDesignName>basketball-league</ownerDesignName>
<useDomainConstraints>false</useDomainConstraints>
<use>1</use>
<logicalDatatype>LOGDT024</logicalDatatype>
<dataTypeSize>64 CHAR</dataTypeSize>
<ownDataTypeParameters>64 CHAR,,</ownDataTypeParameters>
<autoIncrementCycle>false</autoIncrementCycle>
</Column>
<Column name="IdRegrut" id="FCEBD0A2-4495-5761-E86B-05C0CA85D534">
<createdBy>HP Pavilion</createdBy>
<createdTime>2024-08-04 20:41:55 UTC</createdTime>
<generatorID>A80CA8F0-3796-4A43-9B82-B8A1740F4A3A</generatorID>
<ownerDesignName>basketball-league</ownerDesignName>
<nullsAllowed>true</nullsAllowed>
<useDomainConstraints>false</useDomainConstraints>
<use>1</use>
<logicalDatatype>LOGDT011</logicalDatatype>
<ownDataTypeParameters>,,</ownDataTypeParameters>
<previousColumn>false</previousColumn>
<autoIncrementCycle>false</autoIncrementCycle>
<associations>
<colAssociation fkAssociation="B4FDC366-2793-CB4C-6D62-065548C8CF08" referredColumn="6FC2BD51-8BFE-58E3-DA8C-88563FFA88FD"/>
</associations>
</Column>
<Column name="IdTrener" id="FF85F7E2-1145-E713-B1B9-77DDC315D0EB">
<createdBy>HP Pavilion</createdBy>
<createdTime>2024-08-04 20:41:55 UTC</createdTime>
<generatorID>6D16E483-71E7-D19C-3B89-968B66EBE5A1</generatorID>
<ownerDesignName>basketball-league</ownerDesignName>
<useDomainConstraints>false</useDomainConstraints>
<use>1</use>
<logicalDatatype>LOGDT011</logicalDatatype>
<ownDataTypeParameters>,,</ownDataTypeParameters>
<previousColumn>false</previousColumn>
<autoIncrementCycle>false</autoIncrementCycle>
<associations>
<colAssociation fkAssociation="F52B4329-2842-005A-CF32-06502353F8AF" referredColumn="19B894BA-F49C-E4E0-F4EF-53D44CF88C1D"/>
</associations>
</Column>
</columns>
<indexes itemClass="oracle.dbtools.crest.model.design.relational.Index">
<ind_PK_UK id="9C86C3B5-B864-C556-15CD-0533EF159E5A" name="PozivNaIntervju_PK">
<createdBy>HP Pavilion</createdBy>
<createdTime>2024-08-04 20:41:55 UTC</createdTime>
<generatorID>1E370649-73CA-2359-F843-B676934C129D</generatorID>
<ownerDesignName>basketball-league</ownerDesignName>
<pk>true</pk>
<indexState>Primary Constraint</indexState>
<isSurrogateKey>false</isSurrogateKey>
<indexColumnUsage>
<colUsage columnID="FA2734FB-3244-B020-E6AA-3F2924D8E42E"/>
</indexColumnUsage>
</ind_PK_UK>
<ind_PK_UK id="30144803-1401-6AC9-D20B-91547D7CF5B5" name="PozivNaIntervju_Trener_FK">
<createdBy>HP Pavilion</createdBy>
<createdTime>2024-08-04 20:41:55 UTC</createdTime>
<generatorID>0A27C2A0-2790-2484-9332-42C1A9FB87D3</generatorID>
<ownerDesignName>basketball-league</ownerDesignName>
<indexState>Foreign Key</indexState>
<isSurrogateKey>false</isSurrogateKey>
<indexColumnUsage>
<colUsage columnID="FF85F7E2-1145-E713-B1B9-77DDC315D0EB"/>
</indexColumnUsage>
</ind_PK_UK>
<ind_PK_UK id="FC91AD01-5C8B-180F-3822-1E7DAAB231FA" name="PozivNaIntervju_Regrut_FK">
<createdBy>HP Pavilion</createdBy>
<createdTime>2024-08-04 20:41:55 UTC</createdTime>
<generatorID>A1C2A846-8FBE-707D-27D6-87AF300D78EB</generatorID>
<ownerDesignName>basketball-league</ownerDesignName>
<indexState>Foreign Key</indexState>
<isSurrogateKey>false</isSurrogateKey>
<indexColumnUsage>
<colUsage columnID="FCEBD0A2-4495-5761-E86B-05C0CA85D534"/>
</indexColumnUsage>
</ind_PK_UK>
</indexes>
</Table>
