<?xml version = '1.0' encoding = 'UTF-8'?>
<FKIndexAssociation class="oracle.dbtools.crest.model.design.relational.FKIndexAssociation" directorySegmentName="seg_0" id="055DA75B-E121-995D-3AA9-91F07962E809" containerWithKeyObject="9F908EA7-8570-4F4F-10F7-0605C02AFE08" localFKIndex="61B5F64D-D626-BF65-215D-226B9DBF063C" name="ZeljaTima_PravaNaIgraca_FK">
<createdBy>HP Pavilion</createdBy>
<createdTime>2024-08-04 20:37:26 UTC</createdTime>
<generatorID>E8B49ADB-6785-D4C1-4C04-83F981D624EB</generatorID>
<ownerDesignName>basketball-league</ownerDesignName>
<referredTableLongName>PravaNaIgraca</referredTableLongName>
<deleteRule>NO ACTION</deleteRule>
<referredTableID>680DC799-D7EA-22FB-B0F9-3D327B749EBB</referredTableID>
<keyObject>6AA4AD57-D397-BE03-0FFF-94EF8F596123</keyObject>
<referredKeyID>6AA4AD57-D397-BE03-0FFF-94EF8F596123</referredKeyID>
<mandatory>false</mandatory>
<refColNames>IdPrava</refColNames>
<transferable>true</transferable>
<rely>false</rely>
<columnDependencyConstraintGenerateInDDL>true</columnDependencyConstraintGenerateInDDL>
</FKIndexAssociation>
