<?xml version = '1.0' encoding = 'UTF-8'?>
<FKIndexAssociation class="oracle.dbtools.crest.model.design.relational.FKIndexAssociation" directorySegmentName="seg_0" id="0B1C7503-8557-EF42-8100-80932E0EB15C" containerWithKeyObject="9F908EA7-8570-4F4F-10F7-0605C02AFE08" localFKIndex="EE380102-D523-F5D6-8A54-C0E2831DC4FE" name="ZeljaTima_Pik_FK">
<createdBy>HP Pavilion</createdBy>
<createdTime>2024-08-04 20:37:26 UTC</createdTime>
<generatorID>2782446E-CFDF-6F58-0CEB-86F73BA34508</generatorID>
<ownerDesignName>basketball-league</ownerDesignName>
<referredTableLongName>Pik</referredTableLongName>
<deleteRule>NO ACTION</deleteRule>
<referredTableID>BFE6DEA8-0309-A50D-5A09-3762EC824FB5</referredTableID>
<keyObject>65BCBAD9-422D-DB30-A727-01AE6D7562F1</keyObject>
<referredKeyID>65BCBAD9-422D-DB30-A727-01AE6D7562F1</referredKeyID>
<mandatory>false</mandatory>
<refColNames>IdPik</refColNames>
<transferable>true</transferable>
<rely>false</rely>
<columnDependencyConstraintGenerateInDDL>true</columnDependencyConstraintGenerateInDDL>
</FKIndexAssociation>
