<?xml version = '1.0' encoding = 'UTF-8'?>
<FKIndexAssociation class="oracle.dbtools.crest.model.design.relational.FKIndexAssociation" directorySegmentName="seg_0" id="16E21249-CAFC-4C63-63C4-D3B29CC643FE" containerWithKeyObject="D5CB9565-A3AE-E336-7267-7CCEC8BE6461" localFKIndex="2934905C-A221-366D-0089-7A0E4FDF69AC" name="Kreira_Tim_FK">
<createdBy>HP Pavilion</createdBy>
<createdTime>2024-08-01 09:59:34 UTC</createdTime>
<generatorID>85CADE04-5A43-54FC-DE3A-DC9F37180A58</generatorID>
<ownerDesignName>basketball-league</ownerDesignName>
<referredTableLongName>Tim</referredTableLongName>
<deleteRule>NO ACTION</deleteRule>
<referredTableID>77763C08-26BF-D3A1-4310-BF1D14D2F003</referredTableID>
<keyObject>2BD6E60F-8EC1-058C-5A59-4131A84728B2</keyObject>
<referredKeyID>2BD6E60F-8EC1-058C-5A59-4131A84728B2</referredKeyID>
<mandatory>true</mandatory>
<refColNames>IdTim</refColNames>
<transferable>true</transferable>
<rely>false</rely>
<columnDependencyConstraintGenerateInDDL>true</columnDependencyConstraintGenerateInDDL>
</FKIndexAssociation>
