<?xml version = '1.0' encoding = 'UTF-8'?>
<FKIndexAssociation class="oracle.dbtools.crest.model.design.relational.FKIndexAssociation" directorySegmentName="seg_0" id="1B08785F-2485-A216-4B6D-4B319AA5E899" containerWithKeyObject="9F908EA7-8570-4F4F-10F7-0605C02AFE08" localFKIndex="349D40EF-2277-9C11-F1F6-946117EB6E09" name="ZeljaTima_Igrac_FK">
<createdBy>HP Pavilion</createdBy>
<createdTime>2024-08-04 20:41:24 UTC</createdTime>
<generatorID>9211B86A-24F9-F397-6E5A-37627C1BD868</generatorID>
<ownerDesignName>basketball-league</ownerDesignName>
<referredTableLongName>Igrac</referredTableLongName>
<deleteRule>NO ACTION</deleteRule>
<referredTableID>BF119ABD-5B64-1C6A-F2B7-97F21970F07C</referredTableID>
<keyObject>36300CA8-111B-3CA3-C38A-DC6B07A22A5C</keyObject>
<referredKeyID>36300CA8-111B-3CA3-C38A-DC6B07A22A5C</referredKeyID>
<mandatory>false</mandatory>
<refColNames>Id</refColNames>
<transferable>true</transferable>
<rely>false</rely>
<columnDependencyConstraintGenerateInDDL>true</columnDependencyConstraintGenerateInDDL>
</FKIndexAssociation>
