<?xml version = '1.0' encoding = 'UTF-8'?>
<FKIndexAssociation class="oracle.dbtools.crest.model.design.relational.FKIndexAssociation" directorySegmentName="seg_0" id="2929A592-65CA-B044-45F5-028AD2E219DE" containerWithKeyObject="3893704D-1016-675F-AED4-BDC3D7FBB267" localFKIndex="73EBFB87-96E0-4414-E672-14744BD7CD0B" name="Skaut_Zaposleni_FK">
<createdBy>HP Pavilion</createdBy>
<createdTime>2024-07-24 16:54:31 UTC</createdTime>
<generatorID>FD299111-962D-FBC8-7D11-2225CA2C4437</generatorID>
<ownerDesignName>basketball-league</ownerDesignName>
<referredTableLongName>Zaposleni</referredTableLongName>
<arc>87207C34-D522-D77F-EEE9-DE0483C09E20</arc>
<deleteRule>NO ACTION</deleteRule>
<referredTableID>F22ED40A-C656-91F7-DF73-CBDDD938F595</referredTableID>
<keyObject>F94CE4A2-A3FA-4EB5-F0A8-0446FE1FD185</keyObject>
<referredKeyID>F94CE4A2-A3FA-4EB5-F0A8-0446FE1FD185</referredKeyID>
<mandatory>true</mandatory>
<refColNames>Id</refColNames>
<transferable>true</transferable>
<rely>false</rely>
<columnDependencyConstraintGenerateInDDL>true</columnDependencyConstraintGenerateInDDL>
</FKIndexAssociation>
