<?xml version = '1.0' encoding = 'UTF-8'?>
<FKIndexAssociation class="oracle.dbtools.crest.model.design.relational.FKIndexAssociation" directorySegmentName="seg_0" id="3A17D6E2-37C7-E4BE-037D-9EFFE6FC018D" containerWithKeyObject="C5DCA869-80D5-0BC5-A7DE-2B8E9B102F76" localFKIndex="70C26743-3458-2252-2E86-B4EA1DC57B77" name="PozivNaIntervju_Trener_FK">
<createdBy>HP Pavilion</createdBy>
<createdTime>2024-07-24 16:54:32 UTC</createdTime>
<generatorID>0A27C2A0-2790-2484-9332-42C1A9FB87D3</generatorID>
<ownerDesignName>basketball-league</ownerDesignName>
<referredTableLongName>Trener</referredTableLongName>
<deleteRule>NO ACTION</deleteRule>
<referredTableID>0AB24D52-C625-552E-D0BF-30E088D4959B</referredTableID>
<keyObject>B811B31D-7C7C-0DDE-122D-540C2BEBA103</keyObject>
<referredKeyID>B811B31D-7C7C-0DDE-122D-540C2BEBA103</referredKeyID>
<mandatory>true</mandatory>
<refColNames>Id</refColNames>
<transferable>true</transferable>
<rely>false</rely>
<columnDependencyConstraintGenerateInDDL>true</columnDependencyConstraintGenerateInDDL>
</FKIndexAssociation>
