<?xml version = '1.0' encoding = 'UTF-8'?>
<FKIndexAssociation class="oracle.dbtools.crest.model.design.relational.FKIndexAssociation" directorySegmentName="seg_0" id="41961233-6144-515A-85B7-0DFD730C69EC" containerWithKeyObject="9E80D193-338A-B63E-C958-3BC8D8180532" localFKIndex="FA5B85A1-2C6D-4842-FBAB-3B6A3B94FD05" name="PredmetTrgovine_Pik_FK">
<createdBy>HP Pavilion</createdBy>
<createdTime>2024-07-24 16:54:32 UTC</createdTime>
<generatorID>EFE0A66A-9633-F2E6-176B-79CC5AE458A0</generatorID>
<ownerDesignName>basketball-league</ownerDesignName>
<referredTableLongName>Pik</referredTableLongName>
<deleteRule>NO ACTION</deleteRule>
<referredTableID>BFE6DEA8-0309-A50D-5A09-3762EC824FB5</referredTableID>
<keyObject>65BCBAD9-422D-DB30-A727-01AE6D7562F1</keyObject>
<referredKeyID>65BCBAD9-422D-DB30-A727-01AE6D7562F1</referredKeyID>
<mandatory>false</mandatory>
<refColNames>IdPik</refColNames>
<transferable>true</transferable>
<rely>false</rely>
<columnDependencyConstraintGenerateInDDL>true</columnDependencyConstraintGenerateInDDL>
</FKIndexAssociation>
