<?xml version = '1.0' encoding = 'UTF-8'?>
<FKIndexAssociation class="oracle.dbtools.crest.model.design.relational.FKIndexAssociation" directorySegmentName="seg_0" id="5333DFC5-E753-808A-AB47-66ECD765C046" containerWithKeyObject="8FB9EA36-0943-8451-AADB-6A6FD819D573" localFKIndex="02A73BD9-D85A-7735-DB71-31386A9739B6" name="Bira_Regrut_FK">
<createdBy>HP Pavilion</createdBy>
<createdTime>2024-07-24 16:54:32 UTC</createdTime>
<generatorID>3ABF7FCA-1CFF-57C4-6551-4C30E59678C8</generatorID>
<ownerDesignName>basketball-league</ownerDesignName>
<referredTableLongName>Regrut</referredTableLongName>
<deleteRule>NO ACTION</deleteRule>
<referredTableID>6E51D1C6-6F74-FEB8-DFDF-9AABDDDD3003</referredTableID>
<keyObject>C60DB31B-D16E-B19C-B451-23BBE1D45564</keyObject>
<referredKeyID>C60DB31B-D16E-B19C-B451-23BBE1D45564</referredKeyID>
<mandatory>true</mandatory>
<refColNames>Id</refColNames>
<transferable>true</transferable>
<rely>false</rely>
<columnDependencyConstraintGenerateInDDL>true</columnDependencyConstraintGenerateInDDL>
</FKIndexAssociation>
