<?xml version = '1.0' encoding = 'UTF-8'?>
<FKIndexAssociation class="oracle.dbtools.crest.model.design.relational.FKIndexAssociation" directorySegmentName="seg_0" id="57BF20CA-2EF0-0194-C27A-D73377819440" containerWithKeyObject="9E80D193-338A-B63E-C958-3BC8D8180532" localFKIndex="3B51E71D-7738-DFF8-B611-932C3EF7CA6F" name="PredmetTrgovine_PravaNaIgraca_FK">
<createdBy>HP Pavilion</createdBy>
<createdTime>2024-07-24 16:54:31 UTC</createdTime>
<generatorID>08411186-2E7C-CE07-C4C5-B3A5D7CF5936</generatorID>
<ownerDesignName>basketball-league</ownerDesignName>
<referredTableLongName>PravaNaIgraca</referredTableLongName>
<deleteRule>NO ACTION</deleteRule>
<referredTableID>680DC799-D7EA-22FB-B0F9-3D327B749EBB</referredTableID>
<keyObject>6AA4AD57-D397-BE03-0FFF-94EF8F596123</keyObject>
<referredKeyID>6AA4AD57-D397-BE03-0FFF-94EF8F596123</referredKeyID>
<mandatory>false</mandatory>
<refColNames>IdPrava</refColNames>
<transferable>true</transferable>
<rely>false</rely>
<columnDependencyConstraintGenerateInDDL>true</columnDependencyConstraintGenerateInDDL>
</FKIndexAssociation>
