<?xml version = '1.0' encoding = 'UTF-8'?>
<FKIndexAssociation class="oracle.dbtools.crest.model.design.relational.FKIndexAssociation" directorySegmentName="seg_0" id="600374E7-8C71-1AAA-BBF7-B0787F35E34E" containerWithKeyObject="335EC39C-1B61-B698-AC73-4407650CC172" localFKIndex="44BACB8F-9132-81F2-04AF-C84348B6BA62" name="Trgovina_ZahtevZaTrgovinu_FK">
<createdBy>HP Pavilion</createdBy>
<createdTime>2024-07-24 16:54:32 UTC</createdTime>
<generatorID>B373C11B-0C65-89F1-463A-F1709102BC68</generatorID>
<ownerDesignName>basketball-league</ownerDesignName>
<referredTableLongName>ZahtevZaTrgovinu</referredTableLongName>
<deleteRule>NO ACTION</deleteRule>
<referredTableID>A3B7C76D-9853-93EC-A047-019A23549E15</referredTableID>
<keyObject>B1A3D5AF-3B6E-FB02-5BDB-6A1A9A0092A1</keyObject>
<referredKeyID>B1A3D5AF-3B6E-FB02-5BDB-6A1A9A0092A1</referredKeyID>
<mandatory>true</mandatory>
<refColNames>IdZahTrg</refColNames>
<transferable>true</transferable>
<rely>false</rely>
<columnDependencyConstraintGenerateInDDL>true</columnDependencyConstraintGenerateInDDL>
</FKIndexAssociation>
