<?xml version = '1.0' encoding = 'UTF-8'?>
<FKIndexAssociation class="oracle.dbtools.crest.model.design.relational.FKIndexAssociation" directorySegmentName="seg_0" id="7066C5E6-235F-8551-1206-712BD5AE55A5" containerWithKeyObject="468A5E1C-B291-D6A6-FD8F-18C07F595E0F" localFKIndex="6B3257DD-293B-591E-51D8-2B4B9962216C" name="Upravlja_PozivNaTrening_FK">
<createdBy>HP Pavilion</createdBy>
<createdTime>2024-07-24 16:54:32 UTC</createdTime>
<generatorID>06D2C6F9-BD84-A9A3-1893-AE733F80F532</generatorID>
<ownerDesignName>basketball-league</ownerDesignName>
<referredTableLongName>PozivNaTrening</referredTableLongName>
<deleteRule>NO ACTION</deleteRule>
<referredTableID>8D88DBC4-7971-1B8F-5734-59E8C9072B4A</referredTableID>
<keyObject>2787E5D2-2B35-39D0-3F83-B5B46F469276</keyObject>
<referredKeyID>2787E5D2-2B35-39D0-3F83-B5B46F469276</referredKeyID>
<mandatory>true</mandatory>
<refColNames>IdPozTrng</refColNames>
<transferable>true</transferable>
<rely>false</rely>
<columnDependencyConstraintGenerateInDDL>true</columnDependencyConstraintGenerateInDDL>
</FKIndexAssociation>
