<?xml version = '1.0' encoding = 'UTF-8'?>
<FKIndexAssociation class="oracle.dbtools.crest.model.design.relational.FKIndexAssociation" directorySegmentName="seg_0" id="7EF6234F-0F1B-F657-9B96-111D31C0E538" containerWithKeyObject="F22ED40A-C656-91F7-DF73-CBDDD938F595" localFKIndex="1D071C94-6C99-E159-3E54-BED83E26C89F" name="Zaposleni_Korisnik_FK">
<createdBy>HP Pavilion</createdBy>
<createdTime>2024-07-24 16:54:31 UTC</createdTime>
<generatorID>2CEA3AB1-D0A0-C1EF-05C3-B0D2E64A55FB</generatorID>
<ownerDesignName>basketball-league</ownerDesignName>
<referredTableLongName>Korisnik</referredTableLongName>
<arc>324E9743-DB41-531A-C9A1-90BB7157C58A</arc>
<deleteRule>NO ACTION</deleteRule>
<referredTableID>4F8DA7C8-A500-BD5E-7C71-ABA574D2A3C0</referredTableID>
<keyObject>80C758F0-5590-33C6-D49D-EF7327F64878</keyObject>
<referredKeyID>80C758F0-5590-33C6-D49D-EF7327F64878</referredKeyID>
<mandatory>true</mandatory>
<refColNames>Id</refColNames>
<transferable>true</transferable>
<rely>false</rely>
<columnDependencyConstraintGenerateInDDL>true</columnDependencyConstraintGenerateInDDL>
</FKIndexAssociation>
