<?xml version = '1.0' encoding = 'UTF-8'?>
<FKIndexAssociation class="oracle.dbtools.crest.model.design.relational.FKIndexAssociation" directorySegmentName="seg_0" id="80F58128-CD7F-735F-26D4-A9687751BF9E" containerWithKeyObject="8AEC65EF-9834-3AE7-B21A-101D391F7A2F" localFKIndex="E91B715F-FC18-9570-795D-98A0A884E980" name="Intervju_PozivNaIntervju_FK">
<createdBy>HP Pavilion</createdBy>
<createdTime>2024-07-24 16:54:32 UTC</createdTime>
<generatorID>E586FBF8-F038-5FC1-CA07-B11B8FE4C72A</generatorID>
<ownerDesignName>basketball-league</ownerDesignName>
<referredTableLongName>PozivNaIntervju</referredTableLongName>
<deleteRule>NO ACTION</deleteRule>
<referredTableID>C5DCA869-80D5-0BC5-A7DE-2B8E9B102F76</referredTableID>
<keyObject>4626AABE-3ADF-6087-AC56-756BB08A0A48</keyObject>
<referredKeyID>4626AABE-3ADF-6087-AC56-756BB08A0A48</referredKeyID>
<mandatory>true</mandatory>
<refColNames>IdPozInt</refColNames>
<transferable>true</transferable>
<rely>false</rely>
<columnDependencyConstraintGenerateInDDL>true</columnDependencyConstraintGenerateInDDL>
</FKIndexAssociation>
