<?xml version = '1.0' encoding = 'UTF-8'?>
<FKIndexAssociation class="oracle.dbtools.crest.model.design.relational.FKIndexAssociation" directorySegmentName="seg_0" id="8B0D2093-BB34-3CD3-E1FF-7C62694D0841" containerWithKeyObject="4C72BF47-30FD-D1E7-A9C1-C1314E5A713F" localFKIndex="BF212B83-12F1-7A9B-2278-3DB9A0F9CE9F" name="ImoTrgTim_Tim_FK">
<createdBy>HP Pavilion</createdBy>
<createdTime>2024-07-24 16:54:32 UTC</createdTime>
<generatorID>628C45BF-0285-6C41-6A39-9BF4EED304A6</generatorID>
<ownerDesignName>basketball-league</ownerDesignName>
<referredTableLongName>Tim</referredTableLongName>
<deleteRule>NO ACTION</deleteRule>
<referredTableID>77763C08-26BF-D3A1-4310-BF1D14D2F003</referredTableID>
<keyObject>2BD6E60F-8EC1-058C-5A59-4131A84728B2</keyObject>
<referredKeyID>2BD6E60F-8EC1-058C-5A59-4131A84728B2</referredKeyID>
<mandatory>false</mandatory>
<refColNames>IdTim</refColNames>
<transferable>true</transferable>
<rely>false</rely>
<columnDependencyConstraintGenerateInDDL>true</columnDependencyConstraintGenerateInDDL>
</FKIndexAssociation>
