<?xml version = '1.0' encoding = 'UTF-8'?>
<FKIndexAssociation class="oracle.dbtools.crest.model.design.relational.FKIndexAssociation" directorySegmentName="seg_0" id="8C6F97E3-2A43-C542-9B78-27506D5D5113" containerWithKeyObject="F8486567-93A2-0F34-88AA-1CDF43BB006C" localFKIndex="0F5213DB-8D97-DE23-C1A8-D373FC0A46EF" name="NedoImoTim_TipNedoImo_FK">
<createdBy>HP Pavilion</createdBy>
<createdTime>2024-07-24 16:54:31 UTC</createdTime>
<generatorID>CEFE4145-1E1D-94D4-1B1E-A71D361C605A</generatorID>
<ownerDesignName>basketball-league</ownerDesignName>
<referredTableLongName>TipNedodirljiveImovine</referredTableLongName>
<deleteRule>NO ACTION</deleteRule>
<referredTableID>87EA8050-986F-CFA8-020F-29AAA5F9D15B</referredTableID>
<keyObject>65D5A706-2867-EC96-EF92-ED83323137D5</keyObject>
<referredKeyID>65D5A706-2867-EC96-EF92-ED83323137D5</referredKeyID>
<mandatory>true</mandatory>
<refColNames>IdTipNedImo</refColNames>
<transferable>true</transferable>
<rely>false</rely>
<columnDependencyConstraintGenerateInDDL>true</columnDependencyConstraintGenerateInDDL>
</FKIndexAssociation>
