<?xml version = '1.0' encoding = 'UTF-8'?>
<FKIndexAssociation class="oracle.dbtools.crest.model.design.relational.FKIndexAssociation" directorySegmentName="seg_0" id="8DC678E6-2912-1489-4373-9F9F2279810D" containerWithKeyObject="8FB9EA36-0943-8451-AADB-6A6FD819D573" localFKIndex="1097A824-04CA-3D19-0945-AF28FE5A0182" name="Bira_Pik_FK">
<createdBy>HP Pavilion</createdBy>
<createdTime>2024-07-24 16:54:32 UTC</createdTime>
<generatorID>8A510ECF-1FE5-776B-5078-3916FCE3240D</generatorID>
<ownerDesignName>basketball-league</ownerDesignName>
<referredTableLongName>Pik</referredTableLongName>
<deleteRule>NO ACTION</deleteRule>
<referredTableID>BFE6DEA8-0309-A50D-5A09-3762EC824FB5</referredTableID>
<keyObject>65BCBAD9-422D-DB30-A727-01AE6D7562F1</keyObject>
<referredKeyID>65BCBAD9-422D-DB30-A727-01AE6D7562F1</referredKeyID>
<mandatory>true</mandatory>
<refColNames>IdPik</refColNames>
<transferable>true</transferable>
<rely>false</rely>
<columnDependencyConstraintGenerateInDDL>true</columnDependencyConstraintGenerateInDDL>
</FKIndexAssociation>
