<?xml version = '1.0' encoding = 'UTF-8'?>
<FKIndexAssociation class="oracle.dbtools.crest.model.design.relational.FKIndexAssociation" directorySegmentName="seg_0" id="9D3A6715-78FF-E5E9-8A70-07509042925D" containerWithKeyObject="BF119ABD-5B64-1C6A-F2B7-97F21970F07C" localFKIndex="7D6A9C35-1985-07E1-7528-C613F4E899BF" name="Igrac_Zaposleni_FK">
<createdBy>HP Pavilion</createdBy>
<createdTime>2024-07-24 16:54:31 UTC</createdTime>
<generatorID>3FE8F438-64F2-B979-E748-9C8AD7899406</generatorID>
<ownerDesignName>basketball-league</ownerDesignName>
<referredTableLongName>Zaposleni</referredTableLongName>
<arc>87207C34-D522-D77F-EEE9-DE0483C09E20</arc>
<deleteRule>NO ACTION</deleteRule>
<referredTableID>F22ED40A-C656-91F7-DF73-CBDDD938F595</referredTableID>
<keyObject>F94CE4A2-A3FA-4EB5-F0A8-0446FE1FD185</keyObject>
<referredKeyID>F94CE4A2-A3FA-4EB5-F0A8-0446FE1FD185</referredKeyID>
<mandatory>true</mandatory>
<refColNames>Id</refColNames>
<transferable>true</transferable>
<rely>false</rely>
<columnDependencyConstraintGenerateInDDL>true</columnDependencyConstraintGenerateInDDL>
</FKIndexAssociation>
