<?xml version = '1.0' encoding = 'UTF-8'?>
<FKIndexAssociation class="oracle.dbtools.crest.model.design.relational.FKIndexAssociation" directorySegmentName="seg_0" id="AB0A05EA-41A1-4A1F-9909-A4E010FAC3F3" containerWithKeyObject="D5CB9565-A3AE-E336-7267-7CCEC8BE6461" localFKIndex="4786D62A-D30F-7E9F-5ECD-AD32B79E53AD" name="Kreira_ZeljaTima_FK">
<createdBy>HP Pavilion</createdBy>
<createdTime>2024-08-01 09:59:34 UTC</createdTime>
<generatorID>85CADE04-5A43-54FC-DE3A-DC9F37180A58</generatorID>
<ownerDesignName>basketball-league</ownerDesignName>
<referredTableLongName>ZeljaTima</referredTableLongName>
<deleteRule>NO ACTION</deleteRule>
<referredTableID>9F908EA7-8570-4F4F-10F7-0605C02AFE08</referredTableID>
<keyObject>CCF9A1E2-DEA1-C69A-742F-D90CA7B70B6F</keyObject>
<referredKeyID>CCF9A1E2-DEA1-C69A-742F-D90CA7B70B6F</referredKeyID>
<mandatory>true</mandatory>
<refColNames>IdZeljTim</refColNames>
<transferable>true</transferable>
<rely>false</rely>
<columnDependencyConstraintGenerateInDDL>true</columnDependencyConstraintGenerateInDDL>
</FKIndexAssociation>
