<?xml version = '1.0' encoding = 'UTF-8'?>
<FKIndexAssociation class="oracle.dbtools.crest.model.design.relational.FKIndexAssociation" directorySegmentName="seg_0" id="FE3548B3-2AB3-DC09-897A-150476057DF8" containerWithKeyObject="C5DCA869-80D5-0BC5-A7DE-2B8E9B102F76" localFKIndex="1511F598-D0E3-30CA-94E3-A376AEB7C27C" name="PozivNaIntervju_Regrut_FK">
<createdBy>HP Pavilion</createdBy>
<createdTime>2024-07-24 16:54:32 UTC</createdTime>
<generatorID>A1C2A846-8FBE-707D-27D6-87AF300D78EB</generatorID>
<ownerDesignName>basketball-league</ownerDesignName>
<referredTableLongName>Regrut</referredTableLongName>
<deleteRule>NO ACTION</deleteRule>
<referredTableID>6E51D1C6-6F74-FEB8-DFDF-9AABDDDD3003</referredTableID>
<keyObject>C60DB31B-D16E-B19C-B451-23BBE1D45564</keyObject>
<referredKeyID>C60DB31B-D16E-B19C-B451-23BBE1D45564</referredKeyID>
<mandatory>false</mandatory>
<refColNames>Id</refColNames>
<transferable>true</transferable>
<rely>false</rely>
<columnDependencyConstraintGenerateInDDL>true</columnDependencyConstraintGenerateInDDL>
</FKIndexAssociation>
