<?xml version = '1.0' encoding = 'UTF-8'?>
<FKArc class="oracle.dbtools.crest.model.design.relational.FKArc" directorySegmentName="seg_0" id="87207C34-D522-D77F-EEE9-DE0483C09E20" name="FKArc_1">
<createdBy>HP Pavilion</createdBy>
<createdTime>2024-07-24 16:54:31 UTC</createdTime>
<ownerDesignName>basketball-league</ownerDesignName>
<mandatory>true</mandatory>
<reverseArc>true</reverseArc>
<table>F22ED40A-C656-91F7-DF73-CBDDD938F595</table>
<fkeys>
<fkeyID>E87D548C-3AE6-2216-1C10-E6546186102D</fkeyID>
<fkeyID>9D3A6715-78FF-E5E9-8A70-07509042925D</fkeyID>
<fkeyID>500CED9D-47DB-11B2-E993-65C2D0F088F2</fkeyID>
<fkeyID>2929A592-65CA-B044-45F5-028AD2E219DE</fkeyID>
</fkeys>
</FKArc>
