<?xml version = '1.0' encoding = 'UTF-8'?>
<FKIndexAssociation class="oracle.dbtools.crest.model.design.relational.FKIndexAssociation" directorySegmentName="seg_0" id="0011C56E-F760-87AA-2864-A406620DFC93" containerWithKeyObject="1324C306-E9FB-E184-95FE-1FEE5073EA92" localFKIndex="FF53281A-1B4D-4A76-A528-B1C25DA84865" name="Bira_Pik_FK">
<createdBy>HP Pavilion</createdBy>
<createdTime>2024-08-04 20:41:55 UTC</createdTime>
<generatorID>8A510ECF-1FE5-776B-5078-3916FCE3240D</generatorID>
<ownerDesignName>basketball-league</ownerDesignName>
<referredTableLongName>Pik</referredTableLongName>
<deleteRule>NO ACTION</deleteRule>
<referredTableID>579C4018-0CF3-5E86-A7CF-70D1F9838AB2</referredTableID>
<keyObject>EDDB32E1-4D46-6F87-D71D-CA9CA8254812</keyObject>
<referredKeyID>EDDB32E1-4D46-6F87-D71D-CA9CA8254812</referredKeyID>
<mandatory>true</mandatory>
<refColNames>IdPik</refColNames>
<transferable>true</transferable>
<rely>false</rely>
<columnDependencyConstraintGenerateInDDL>true</columnDependencyConstraintGenerateInDDL>
</FKIndexAssociation>
