<?xml version = '1.0' encoding = 'UTF-8'?>
<FKIndexAssociation class="oracle.dbtools.crest.model.design.relational.FKIndexAssociation" directorySegmentName="seg_0" id="053E4844-0135-2B8F-B188-FD93795350DE" containerWithKeyObject="BAA8844E-8033-255C-5E40-D8173228B12C" localFKIndex="9F30B888-02A4-A388-4F43-AE67E8BB2B60" name="ZeljaTima_Pik_FK">
<createdBy>HP Pavilion</createdBy>
<createdTime>2024-08-04 20:41:55 UTC</createdTime>
<generatorID>2782446E-CFDF-6F58-0CEB-86F73BA34508</generatorID>
<ownerDesignName>basketball-league</ownerDesignName>
<referredTableLongName>Pik</referredTableLongName>
<deleteRule>NO ACTION</deleteRule>
<referredTableID>579C4018-0CF3-5E86-A7CF-70D1F9838AB2</referredTableID>
<keyObject>EDDB32E1-4D46-6F87-D71D-CA9CA8254812</keyObject>
<referredKeyID>EDDB32E1-4D46-6F87-D71D-CA9CA8254812</referredKeyID>
<mandatory>false</mandatory>
<refColNames>IdPik</refColNames>
<transferable>true</transferable>
<rely>false</rely>
<columnDependencyConstraintGenerateInDDL>true</columnDependencyConstraintGenerateInDDL>
</FKIndexAssociation>
