<?xml version = '1.0' encoding = 'UTF-8'?>
<FKIndexAssociation class="oracle.dbtools.crest.model.design.relational.FKIndexAssociation" directorySegmentName="seg_0" id="063466CD-9836-2612-2823-0F9ADA1D34CE" containerWithKeyObject="96194938-C3BE-BE3C-7FB9-34DBFE1280C8" localFKIndex="D2F7C734-3B77-3823-99D3-8C53C44AB3C4" name="PredTrg_PravaNaIgr_FK">
<createdBy>HP Pavilion</createdBy>
<createdTime>2024-08-04 20:41:55 UTC</createdTime>
<generatorID>08411186-2E7C-CE07-C4C5-B3A5D7CF5936</generatorID>
<ownerDesignName>basketball-league</ownerDesignName>
<referredTableLongName>PravaNaIgraca</referredTableLongName>
<deleteRule>NO ACTION</deleteRule>
<referredTableID>DB3CFF88-520D-EBF4-950F-F4E6D0BEC225</referredTableID>
<keyObject>C18A9A66-A4AC-F4A5-3CD0-9CB95B572640</keyObject>
<referredKeyID>C18A9A66-A4AC-F4A5-3CD0-9CB95B572640</referredKeyID>
<mandatory>false</mandatory>
<refColNames>IdPrava</refColNames>
<transferable>true</transferable>
<rely>false</rely>
<columnDependencyConstraintGenerateInDDL>true</columnDependencyConstraintGenerateInDDL>
</FKIndexAssociation>
