<?xml version = '1.0' encoding = 'UTF-8'?>
<FKIndexAssociation class="oracle.dbtools.crest.model.design.relational.FKIndexAssociation" directorySegmentName="seg_0" id="09FF9E36-A8D5-BD5A-C534-20D398934D4A" containerWithKeyObject="AD272209-56BB-4591-3074-816F69B3879B" localFKIndex="8A096B0E-E694-CC23-5B85-70D46129A404" name="Ugovor_TipUgovora_FK">
<createdBy>HP Pavilion</createdBy>
<createdTime>2024-08-04 20:41:55 UTC</createdTime>
<generatorID>F0EA2159-C9D6-F441-AB75-8F235EAEAE99</generatorID>
<ownerDesignName>basketball-league</ownerDesignName>
<referredTableLongName>TipUgovora</referredTableLongName>
<deleteRule>NO ACTION</deleteRule>
<referredTableID>F57B91F3-044F-8AB1-E5B7-0D032253518B</referredTableID>
<keyObject>96E35382-B9F9-3FAB-B21D-395C85FFCDE3</keyObject>
<referredKeyID>96E35382-B9F9-3FAB-B21D-395C85FFCDE3</referredKeyID>
<mandatory>true</mandatory>
<refColNames>IdTipUgo</refColNames>
<transferable>true</transferable>
<rely>false</rely>
<columnDependencyConstraintGenerateInDDL>true</columnDependencyConstraintGenerateInDDL>
</FKIndexAssociation>
