<?xml version = '1.0' encoding = 'UTF-8'?>
<FKIndexAssociation class="oracle.dbtools.crest.model.design.relational.FKIndexAssociation" directorySegmentName="seg_0" id="1AD91DDA-490E-CE9A-E828-02FF2A35FCA5" containerWithKeyObject="DB3CFF88-520D-EBF4-950F-F4E6D0BEC225" localFKIndex="BD4713D3-30E3-6A19-E0AE-35F25F052C92" name="PravaNaIgraca_Bira_FK">
<createdBy>HP Pavilion</createdBy>
<createdTime>2024-08-04 20:41:55 UTC</createdTime>
<generatorID>BED6C7F0-D0D0-9DCB-0C7E-1D992E9CFDBE</generatorID>
<ownerDesignName>basketball-league</ownerDesignName>
<referredTableLongName>Bira</referredTableLongName>
<deleteRule>NO ACTION</deleteRule>
<referredTableID>1324C306-E9FB-E184-95FE-1FEE5073EA92</referredTableID>
<keyObject>B596FE19-BB96-7DED-1397-423CA4AE2D77</keyObject>
<referredKeyID>B596FE19-BB96-7DED-1397-423CA4AE2D77</referredKeyID>
<mandatory>true</mandatory>
<refColNames>Regrut_Id,Pik_IdPik</refColNames>
<transferable>true</transferable>
<rely>false</rely>
<columnDependencyConstraintGenerateInDDL>true</columnDependencyConstraintGenerateInDDL>
</FKIndexAssociation>
