<?xml version = '1.0' encoding = 'UTF-8'?>
<FKIndexAssociation class="oracle.dbtools.crest.model.design.relational.FKIndexAssociation" directorySegmentName="seg_0" id="273AAF1C-334F-C89B-DB1C-2CB72B3EE84B" containerWithKeyObject="B467EB24-9F2D-1807-DB41-FA9FC630A8AD" localFKIndex="6DB5D81B-A105-BD36-DCC3-3B387EA429A7" name="Nadgleda_Ucestvuje_FK">
<createdBy>HP Pavilion</createdBy>
<createdTime>2024-08-04 20:41:55 UTC</createdTime>
<generatorID>85D93E11-109F-A764-B30C-873BC50C6A6E</generatorID>
<ownerDesignName>basketball-league</ownerDesignName>
<referredTableLongName>Ucestvuje</referredTableLongName>
<deleteRule>NO ACTION</deleteRule>
<referredTableID>794F5D86-1A2C-82B1-6B9D-4B15A3C36C1A</referredTableID>
<keyObject>5C2F3DA5-A6D8-99CC-4945-A707DD7A6CBC</keyObject>
<referredKeyID>5C2F3DA5-A6D8-99CC-4945-A707DD7A6CBC</referredKeyID>
<mandatory>true</mandatory>
<refColNames>Regrut_Id,Trening_IdTrng</refColNames>
<transferable>true</transferable>
<rely>false</rely>
<columnDependencyConstraintGenerateInDDL>true</columnDependencyConstraintGenerateInDDL>
</FKIndexAssociation>
