<?xml version = '1.0' encoding = 'UTF-8'?>
<FKIndexAssociation class="oracle.dbtools.crest.model.design.relational.FKIndexAssociation" directorySegmentName="seg_0" id="28FD9B47-5E35-900F-EF7E-5F450296EB83" containerWithKeyObject="76CF6199-09E8-DD45-8C78-C22A0E45816E" localFKIndex="D49027E6-6E74-E859-424E-7FDC1757A6C4" name="Trening_PozivNaTrening_FK">
<createdBy>HP Pavilion</createdBy>
<createdTime>2024-08-04 20:41:55 UTC</createdTime>
<generatorID>1BC7AD1D-F40C-34D9-B1E9-F879A12B1C0C</generatorID>
<ownerDesignName>basketball-league</ownerDesignName>
<referredTableLongName>PozivNaTrening</referredTableLongName>
<deleteRule>NO ACTION</deleteRule>
<referredTableID>D78462E7-9515-7135-1804-1E31BAD5B7EF</referredTableID>
<keyObject>05C7485F-BC02-7713-7155-2828D193FEB6</keyObject>
<referredKeyID>05C7485F-BC02-7713-7155-2828D193FEB6</referredKeyID>
<mandatory>true</mandatory>
<refColNames>IdPozTrng</refColNames>
<transferable>true</transferable>
<rely>false</rely>
<columnDependencyConstraintGenerateInDDL>true</columnDependencyConstraintGenerateInDDL>
</FKIndexAssociation>
