<?xml version = '1.0' encoding = 'UTF-8'?>
<FKIndexAssociation class="oracle.dbtools.crest.model.design.relational.FKIndexAssociation" directorySegmentName="seg_0" id="3DB24604-C2F8-0A7C-554E-921E3FB514CD" containerWithKeyObject="42C3AB2C-E772-4BDD-71EC-16155E7740CB" localFKIndex="DB43E859-F930-8373-0FE4-68988F686A73" name="Kreira_Tim_FK">
<createdBy>HP Pavilion</createdBy>
<createdTime>2024-08-04 20:41:55 UTC</createdTime>
<generatorID>85CADE04-5A43-54FC-DE3A-DC9F37180A58</generatorID>
<ownerDesignName>basketball-league</ownerDesignName>
<referredTableLongName>Tim</referredTableLongName>
<deleteRule>NO ACTION</deleteRule>
<referredTableID>F95E5073-6618-427E-5D78-21BA0A00A955</referredTableID>
<keyObject>DFB595AF-CDE7-CCC5-8430-7D68370466E6</keyObject>
<referredKeyID>DFB595AF-CDE7-CCC5-8430-7D68370466E6</referredKeyID>
<mandatory>true</mandatory>
<refColNames>IdTim</refColNames>
<transferable>true</transferable>
<rely>false</rely>
<columnDependencyConstraintGenerateInDDL>true</columnDependencyConstraintGenerateInDDL>
</FKIndexAssociation>
