<?xml version = '1.0' encoding = 'UTF-8'?>
<FKIndexAssociation class="oracle.dbtools.crest.model.design.relational.FKIndexAssociation" directorySegmentName="seg_0" id="4B6C486C-2C25-76FD-1E51-CBB3A74981B5" containerWithKeyObject="579C4018-0CF3-5E86-A7CF-70D1F9838AB2" localFKIndex="6E56F137-56F8-5A47-13BA-BCC093312F91" name="Pik_Tim_FK">
<createdBy>HP Pavilion</createdBy>
<createdTime>2024-08-04 20:41:55 UTC</createdTime>
<generatorID>70254F29-0A73-0A2F-2C52-C88831C0C580</generatorID>
<ownerDesignName>basketball-league</ownerDesignName>
<referredTableLongName>Tim</referredTableLongName>
<deleteRule>NO ACTION</deleteRule>
<referredTableID>F95E5073-6618-427E-5D78-21BA0A00A955</referredTableID>
<keyObject>DFB595AF-CDE7-CCC5-8430-7D68370466E6</keyObject>
<referredKeyID>DFB595AF-CDE7-CCC5-8430-7D68370466E6</referredKeyID>
<mandatory>true</mandatory>
<refColNames>IdTim</refColNames>
<transferable>true</transferable>
<rely>false</rely>
<columnDependencyConstraintGenerateInDDL>true</columnDependencyConstraintGenerateInDDL>
</FKIndexAssociation>
