<?xml version = '1.0' encoding = 'UTF-8'?>
<FKIndexAssociation class="oracle.dbtools.crest.model.design.relational.FKIndexAssociation" directorySegmentName="seg_0" id="5554F7E4-D1A4-0706-C516-60C5E6A6FC67" containerWithKeyObject="BAA8844E-8033-255C-5E40-D8173228B12C" localFKIndex="6978C1E2-CDA9-4A52-0B51-466CAB60C081" name="ZeljaTima_PravaNaIgr_FK">
<createdBy>HP Pavilion</createdBy>
<createdTime>2024-08-04 20:41:55 UTC</createdTime>
<generatorID>E8B49ADB-6785-D4C1-4C04-83F981D624EB</generatorID>
<ownerDesignName>basketball-league</ownerDesignName>
<referredTableLongName>PravaNaIgraca</referredTableLongName>
<deleteRule>NO ACTION</deleteRule>
<referredTableID>DB3CFF88-520D-EBF4-950F-F4E6D0BEC225</referredTableID>
<keyObject>C18A9A66-A4AC-F4A5-3CD0-9CB95B572640</keyObject>
<referredKeyID>C18A9A66-A4AC-F4A5-3CD0-9CB95B572640</referredKeyID>
<mandatory>false</mandatory>
<refColNames>IdPrava</refColNames>
<transferable>true</transferable>
<rely>false</rely>
<columnDependencyConstraintGenerateInDDL>true</columnDependencyConstraintGenerateInDDL>
</FKIndexAssociation>
