<?xml version = '1.0' encoding = 'UTF-8'?>
<FKIndexAssociation class="oracle.dbtools.crest.model.design.relational.FKIndexAssociation" directorySegmentName="seg_0" id="5BC250B8-9CDE-5CBF-D2A8-D29E7B5958A8" containerWithKeyObject="D9041FF7-DC31-30ED-24E4-6B37D1D83AB1" localFKIndex="51068831-F607-DA01-3EE2-E3CCF1C3B0C4" name="Upravlja_PozivNaTrening_FK">
<createdBy>HP Pavilion</createdBy>
<createdTime>2024-08-04 20:41:55 UTC</createdTime>
<generatorID>06D2C6F9-BD84-A9A3-1893-AE733F80F532</generatorID>
<ownerDesignName>basketball-league</ownerDesignName>
<referredTableLongName>PozivNaTrening</referredTableLongName>
<deleteRule>NO ACTION</deleteRule>
<referredTableID>D78462E7-9515-7135-1804-1E31BAD5B7EF</referredTableID>
<keyObject>05C7485F-BC02-7713-7155-2828D193FEB6</keyObject>
<referredKeyID>05C7485F-BC02-7713-7155-2828D193FEB6</referredKeyID>
<mandatory>true</mandatory>
<refColNames>IdPozTrng</refColNames>
<transferable>true</transferable>
<rely>false</rely>
<columnDependencyConstraintGenerateInDDL>true</columnDependencyConstraintGenerateInDDL>
</FKIndexAssociation>
