<?xml version = '1.0' encoding = 'UTF-8'?>
<FKIndexAssociation class="oracle.dbtools.crest.model.design.relational.FKIndexAssociation" directorySegmentName="seg_0" id="6C39D5BD-DED6-8E98-016A-CCA6A44AF862" containerWithKeyObject="B467EB24-9F2D-1807-DB41-FA9FC630A8AD" localFKIndex="25CC815F-C4EB-4D02-BD8E-DC659804F53D" name="Nadgleda_Skaut_FK">
<createdBy>HP Pavilion</createdBy>
<createdTime>2024-08-04 20:41:55 UTC</createdTime>
<generatorID>85D93E11-109F-A764-B30C-873BC50C6A6E</generatorID>
<ownerDesignName>basketball-league</ownerDesignName>
<referredTableLongName>Skaut</referredTableLongName>
<deleteRule>NO ACTION</deleteRule>
<referredTableID>6E92ED56-67E2-3AE7-6313-6D4DCD9938A7</referredTableID>
<keyObject>43C365B5-69E1-B51E-A87B-4179879ED886</keyObject>
<referredKeyID>43C365B5-69E1-B51E-A87B-4179879ED886</referredKeyID>
<mandatory>true</mandatory>
<refColNames>Id</refColNames>
<transferable>true</transferable>
<rely>false</rely>
<columnDependencyConstraintGenerateInDDL>true</columnDependencyConstraintGenerateInDDL>
</FKIndexAssociation>
