<?xml version = '1.0' encoding = 'UTF-8'?>
<FKIndexAssociation class="oracle.dbtools.crest.model.design.relational.FKIndexAssociation" directorySegmentName="seg_0" id="80F2ED3C-8C97-4DCA-451D-84FC171F777C" containerWithKeyObject="AD272209-56BB-4591-3074-816F69B3879B" localFKIndex="1599D2B8-48A1-B3F3-F98F-E86828DA0464" name="Ugovor_Tim_FK">
<createdBy>HP Pavilion</createdBy>
<createdTime>2024-08-04 20:41:55 UTC</createdTime>
<generatorID>9B0BBAF3-1BFF-4715-F877-46E14ADE8A26</generatorID>
<ownerDesignName>basketball-league</ownerDesignName>
<referredTableLongName>Tim</referredTableLongName>
<deleteRule>NO ACTION</deleteRule>
<referredTableID>F95E5073-6618-427E-5D78-21BA0A00A955</referredTableID>
<keyObject>DFB595AF-CDE7-CCC5-8430-7D68370466E6</keyObject>
<referredKeyID>DFB595AF-CDE7-CCC5-8430-7D68370466E6</referredKeyID>
<mandatory>true</mandatory>
<refColNames>IdTim</refColNames>
<transferable>true</transferable>
<rely>false</rely>
<columnDependencyConstraintGenerateInDDL>true</columnDependencyConstraintGenerateInDDL>
</FKIndexAssociation>
