<?xml version = '1.0' encoding = 'UTF-8'?>
<FKIndexAssociation class="oracle.dbtools.crest.model.design.relational.FKIndexAssociation" directorySegmentName="seg_0" id="92D6D3EC-B4F3-6E3A-CCDE-8803BCEEDCB5" containerWithKeyObject="96194938-C3BE-BE3C-7FB9-34DBFE1280C8" localFKIndex="FDF1F7FB-A9E7-0A04-4A5D-1C392719B26E" name="PredTrg_Igrac_FK">
<createdBy>HP Pavilion</createdBy>
<createdTime>2024-08-04 20:41:55 UTC</createdTime>
<generatorID>7EA6072E-6DAB-DCD6-E010-83876353736B</generatorID>
<ownerDesignName>basketball-league</ownerDesignName>
<referredTableLongName>Igrac</referredTableLongName>
<deleteRule>NO ACTION</deleteRule>
<referredTableID>381058A5-4BD8-8784-7DD5-9230C746BFC9</referredTableID>
<keyObject>7F0933BE-5088-6DA6-FFEE-48C489CAAB60</keyObject>
<referredKeyID>7F0933BE-5088-6DA6-FFEE-48C489CAAB60</referredKeyID>
<mandatory>false</mandatory>
<refColNames>Id</refColNames>
<transferable>true</transferable>
<rely>false</rely>
<columnDependencyConstraintGenerateInDDL>true</columnDependencyConstraintGenerateInDDL>
</FKIndexAssociation>
