<?xml version = '1.0' encoding = 'UTF-8'?>
<FKIndexAssociation class="oracle.dbtools.crest.model.design.relational.FKIndexAssociation" directorySegmentName="seg_0" id="B4FDC366-2793-CB4C-6D62-065548C8CF08" containerWithKeyObject="EC666479-9D67-C299-2962-9258F4B96BE3" localFKIndex="FC91AD01-5C8B-180F-3822-1E7DAAB231FA" name="PozivNaIntervju_Regrut_FK">
<createdBy>HP Pavilion</createdBy>
<createdTime>2024-08-04 20:41:55 UTC</createdTime>
<generatorID>A1C2A846-8FBE-707D-27D6-87AF300D78EB</generatorID>
<ownerDesignName>basketball-league</ownerDesignName>
<referredTableLongName>Regrut</referredTableLongName>
<deleteRule>NO ACTION</deleteRule>
<referredTableID>54DB9AAC-F836-6F30-6E76-FE5B5F38657E</referredTableID>
<keyObject>320CF8DD-D508-61EE-0BDC-A20157419B39</keyObject>
<referredKeyID>320CF8DD-D508-61EE-0BDC-A20157419B39</referredKeyID>
<mandatory>false</mandatory>
<refColNames>Id</refColNames>
<transferable>true</transferable>
<rely>false</rely>
<columnDependencyConstraintGenerateInDDL>true</columnDependencyConstraintGenerateInDDL>
</FKIndexAssociation>
