<?xml version = '1.0' encoding = 'UTF-8'?>
<FKIndexAssociation class="oracle.dbtools.crest.model.design.relational.FKIndexAssociation" directorySegmentName="seg_0" id="C594D380-E0C1-4902-79AF-168FA15CA1EA" containerWithKeyObject="07746B23-843C-1C79-9B65-06819506C439" localFKIndex="90BF5DBA-084B-9442-9B93-50FB64E9908B" name="Menadzer_Zaposleni_FK">
<createdBy>HP Pavilion</createdBy>
<createdTime>2024-08-04 20:41:55 UTC</createdTime>
<generatorID>0CA04815-C22A-6531-1D15-FF7DF83EA551</generatorID>
<ownerDesignName>basketball-league</ownerDesignName>
<referredTableLongName>Zaposleni</referredTableLongName>
<arc>BFE517CE-1E7D-69A2-E3A0-827C1C06784B</arc>
<deleteRule>NO ACTION</deleteRule>
<referredTableID>3EC97FE1-7410-D10A-49F5-2D72B45595AD</referredTableID>
<keyObject>3C32E806-4902-CD1E-13A8-E47F64C64D5C</keyObject>
<referredKeyID>3C32E806-4902-CD1E-13A8-E47F64C64D5C</referredKeyID>
<mandatory>true</mandatory>
<refColNames>Id</refColNames>
<transferable>true</transferable>
<rely>false</rely>
<columnDependencyConstraintGenerateInDDL>true</columnDependencyConstraintGenerateInDDL>
</FKIndexAssociation>
