<?xml version = '1.0' encoding = 'UTF-8'?>
<FKIndexAssociation class="oracle.dbtools.crest.model.design.relational.FKIndexAssociation" directorySegmentName="seg_0" id="EC3E1162-7CC8-3DE1-CEC4-9696C2C80273" containerWithKeyObject="DB3CFF88-520D-EBF4-950F-F4E6D0BEC225" localFKIndex="E27269CC-3E44-7CAA-F36D-C841F479A4EC" name="PravaNaIgraca_Tim_FK">
<createdBy>HP Pavilion</createdBy>
<createdTime>2024-08-04 20:41:55 UTC</createdTime>
<generatorID>59EB7D3F-EE8A-6F5F-4792-4A1EEED90E47</generatorID>
<ownerDesignName>basketball-league</ownerDesignName>
<referredTableLongName>Tim</referredTableLongName>
<deleteRule>NO ACTION</deleteRule>
<referredTableID>F95E5073-6618-427E-5D78-21BA0A00A955</referredTableID>
<keyObject>DFB595AF-CDE7-CCC5-8430-7D68370466E6</keyObject>
<referredKeyID>DFB595AF-CDE7-CCC5-8430-7D68370466E6</referredKeyID>
<mandatory>true</mandatory>
<refColNames>IdTim</refColNames>
<transferable>true</transferable>
<rely>false</rely>
<columnDependencyConstraintGenerateInDDL>true</columnDependencyConstraintGenerateInDDL>
</FKIndexAssociation>
