<?xml version = '1.0' encoding = 'UTF-8'?>
<Diagram class="oracle.dbtools.crest.swingui.relational.DPVRelational" name="Relational_2" id="62A327B2-8176-3A88-6814-3A2FA2F3ADD7">
<createdBy>HP Pavilion</createdBy>
<modifiedBy>HP Pavilion</modifiedBy>
<createdTime>2024-08-04 20:41:47 UTC</createdTime>
<autoRoute>false</autoRoute>
<boxInbox>true</boxInbox>
<showLegend>false</showLegend>
<showLabels>false</showLabels>
<showRelAttributes>false</showRelAttributes>
<gridEnabled>false</gridEnabled>
<showGrid>false</showGrid>
<diagramColor>-1</diagramColor>
<display>false</display>
<notation>1</notation>
<objectViews>
<OView class="oracle.dbtools.crest.swingui.relational.TVTable" oid="00BE633C-8700-955E-C961-5DD5E829B9DD" otype="Table" vid="9BB403EA-3D1E-0478-DF2B-1CE9FE63B927">
<hideElementsInCurrentOnly>false</hideElementsInCurrentOnly>
<bounds x="1216" y="975" width="269" height="204"/>
</OView>
<OView class="oracle.dbtools.crest.swingui.relational.TVTable" oid="07746B23-843C-1C79-9B65-06819506C439" otype="Table" vid="11132EFB-9A72-CFA0-B05C-3F1788A809D6">
<hideElementsInCurrentOnly>false</hideElementsInCurrentOnly>
<bounds x="1117" y="716" width="157" height="48"/>
</OView>
<OView class="oracle.dbtools.crest.swingui.relational.TVTable" oid="0C4B3082-A9AF-CBB3-E626-72C9166E5F1F" otype="Table" vid="B07A9163-D8AC-8764-0CE3-FAA81F881CD9">
<hideElementsInCurrentOnly>false</hideElementsInCurrentOnly>
<bounds x="1243" y="1256" width="170" height="110"/>
</OView>
<OView class="oracle.dbtools.crest.swingui.relational.TVTable" oid="1324C306-E9FB-E184-95FE-1FEE5073EA92" otype="Table" vid="4D1C6FF6-A569-4BAC-5897-0B8738E5A905">
<hideElementsInCurrentOnly>false</hideElementsInCurrentOnly>
<bounds x="1879" y="688" width="170" height="110"/>
</OView>
<OView class="oracle.dbtools.crest.swingui.relational.TVTable" oid="381058A5-4BD8-8784-7DD5-9230C746BFC9" otype="Table" vid="8279CFC0-F774-62A9-950F-758EE1BEF047">
<hideElementsInCurrentOnly>false</hideElementsInCurrentOnly>
<bounds x="1064" y="523" width="186" height="138"/>
</OView>
<OView class="oracle.dbtools.crest.swingui.relational.TVTable" oid="3EC97FE1-7410-D10A-49F5-2D72B45595AD" otype="Table" vid="0EA3289F-6D60-E643-39D0-344FA7447852">
<hideElementsInCurrentOnly>false</hideElementsInCurrentOnly>
<bounds x="575" y="0" width="415" height="392"/>
</OView>
<OView class="oracle.dbtools.crest.swingui.relational.TVTable" oid="42C3AB2C-E772-4BDD-71EC-16155E7740CB" otype="Table" vid="679F3100-8670-68F5-F3FB-1B2C7866548C">
<hideElementsInCurrentOnly>false</hideElementsInCurrentOnly>
<bounds x="629" y="141" width="170" height="110"/>
</OView>
<OView class="oracle.dbtools.crest.swingui.relational.TVTable" oid="481BE2D9-D50D-391D-3387-CC72BB3744F1" otype="Table" vid="6EE2CDD8-5FCF-CDE5-9941-7F5C17E4E23C">
<hideElementsInCurrentOnly>false</hideElementsInCurrentOnly>
<bounds x="387" y="4" width="677" height="518"/>
</OView>
<OView class="oracle.dbtools.crest.swingui.relational.TVTable" oid="54DB9AAC-F836-6F30-6E76-FE5B5F38657E" otype="Table" vid="B7EB94B3-A9A8-2CBA-93FD-D102C568C9D9">
<hideElementsInCurrentOnly>false</hideElementsInCurrentOnly>
<bounds x="388" y="458" width="209" height="128"/>
</OView>
<OView class="oracle.dbtools.crest.swingui.relational.TVTable" oid="579C4018-0CF3-5E86-A7CF-70D1F9838AB2" otype="Table" vid="B7595790-96A9-A25D-C00C-A5834DC76383">
<hideElementsInCurrentOnly>false</hideElementsInCurrentOnly>
<bounds x="1608" y="690" width="188" height="169"/>
</OView>
<OView class="oracle.dbtools.crest.swingui.relational.TVTable" oid="6A8A49F8-AD48-4424-6A8E-3806B6746E50" otype="Table" vid="624D72D1-A7D7-03E6-D158-B1CC8733B541">
<hideElementsInCurrentOnly>false</hideElementsInCurrentOnly>
<bounds x="2329" y="132" width="181" height="110"/>
</OView>
<OView class="oracle.dbtools.crest.swingui.relational.TVTable" oid="6E92ED56-67E2-3AE7-6313-6D4DCD9938A7" otype="Table" vid="A4E5EBBE-2DB6-6543-A8F0-7F4F1A3E94F4">
<hideElementsInCurrentOnly>false</hideElementsInCurrentOnly>
<bounds x="634" y="571" width="167" height="59"/>
</OView>
<OView class="oracle.dbtools.crest.swingui.relational.TVTable" oid="76CF6199-09E8-DD45-8C78-C22A0E45816E" otype="Table" vid="59CB2B57-A2F4-3C26-6014-F3D12D3C7AC0">
<hideElementsInCurrentOnly>false</hideElementsInCurrentOnly>
<bounds x="22" y="423" width="195" height="151"/>
</OView>
<OView class="oracle.dbtools.crest.swingui.relational.TVTable" oid="794F5D86-1A2C-82B1-6B9D-4B15A3C36C1A" otype="Table" vid="96AEC62E-FE20-B55C-0C97-5C46B894FACF">
<hideElementsInCurrentOnly>false</hideElementsInCurrentOnly>
<bounds x="271" y="546" width="170" height="110"/>
</OView>
<OView class="oracle.dbtools.crest.swingui.relational.TVTable" oid="8D2A8CAF-CAA3-BC85-7307-DD9E93D8043E" otype="Table" vid="45C4EC6B-179A-B83D-9587-B150EB7EF9CB">
<hideElementsInCurrentOnly>false</hideElementsInCurrentOnly>
<bounds x="564" y="663" width="170" height="111"/>
</OView>
<OView class="oracle.dbtools.crest.swingui.relational.TVTable" oid="96194938-C3BE-BE3C-7FB9-34DBFE1280C8" otype="Table" vid="72E6C033-A910-FA75-12B5-526621C30373">
<hideElementsInCurrentOnly>false</hideElementsInCurrentOnly>
<bounds x="1607" y="975" width="183" height="137"/>
</OView>
<OView class="oracle.dbtools.crest.swingui.relational.TVTable" oid="AD272209-56BB-4591-3074-816F69B3879B" otype="Table" vid="6684E384-DF75-548D-CC3F-89E0FABEF361">
<hideElementsInCurrentOnly>false</hideElementsInCurrentOnly>
<bounds x="1248" y="312" width="175" height="154"/>
</OView>
<OView class="oracle.dbtools.crest.swingui.relational.TVTable" oid="B467EB24-9F2D-1807-DB41-FA9FC630A8AD" otype="Table" vid="09C50BF1-B57F-B2CC-E8C0-72403E7F3C7F">
<hideElementsInCurrentOnly>false</hideElementsInCurrentOnly>
<bounds x="285" y="326" width="170" height="110"/>
</OView>
<OView class="oracle.dbtools.crest.swingui.relational.TVTable" oid="BAA8844E-8033-255C-5E40-D8173228B12C" otype="Table" vid="66290672-B67D-E791-07AC-4D9B7581FE92">
<hideElementsInCurrentOnly>false</hideElementsInCurrentOnly>
<bounds x="2021" y="109" width="206" height="141"/>
</OView>
<OView class="oracle.dbtools.crest.swingui.relational.TVTable" oid="BB091809-0361-AE74-BD2F-68527598038E" otype="Table" vid="E37092BD-112B-4597-70BC-9E6E44EFB7EC">
<hideElementsInCurrentOnly>false</hideElementsInCurrentOnly>
<bounds x="24" y="120" width="187" height="110"/>
</OView>
<OView class="oracle.dbtools.crest.swingui.relational.TVTable" oid="D78462E7-9515-7135-1804-1E31BAD5B7EF" otype="Table" vid="2E2BF312-9B58-D3CE-8780-2180163D4C3B">
<hideElementsInCurrentOnly>false</hideElementsInCurrentOnly>
<bounds x="5" y="663" width="223" height="128"/>
</OView>
<OView class="oracle.dbtools.crest.swingui.relational.TVTable" oid="D9041FF7-DC31-30ED-24E4-6B37D1D83AB1" otype="Table" vid="FAA01685-D164-10E4-8F22-C46203129C1D">
<hideElementsInCurrentOnly>false</hideElementsInCurrentOnly>
<bounds x="506" y="297" width="170" height="110"/>
</OView>
<OView class="oracle.dbtools.crest.swingui.relational.TVTable" oid="DB3CFF88-520D-EBF4-950F-F4E6D0BEC225" otype="Table" vid="6B9044F4-2811-FD33-82BB-7E0726820223">
<hideElementsInCurrentOnly>false</hideElementsInCurrentOnly>
<bounds x="2026" y="328" width="194" height="159"/>
</OView>
<OView class="oracle.dbtools.crest.swingui.relational.TVTable" oid="EC666479-9D67-C299-2962-9258F4B96BE3" otype="Table" vid="09279FB6-FB79-900F-F35F-F42EB5541637">
<hideElementsInCurrentOnly>false</hideElementsInCurrentOnly>
<bounds x="469" y="954" width="215" height="140"/>
</OView>
<OView class="oracle.dbtools.crest.swingui.relational.TVTable" oid="EF3885CF-E0FF-F1BD-B77C-9BD4DA815CBC" otype="Table" vid="CD8D2BFF-5B38-D52D-DA69-ECD449D6EFFE">
<hideElementsInCurrentOnly>false</hideElementsInCurrentOnly>
<bounds x="257" y="121" width="193" height="110"/>
</OView>
<OView class="oracle.dbtools.crest.swingui.relational.TVTable" oid="F57B91F3-044F-8AB1-E5B7-0D032253518B" otype="Table" vid="4E702742-F836-4FD4-DADD-E800B59DF4D0">
<hideElementsInCurrentOnly>false</hideElementsInCurrentOnly>
<bounds x="1248" y="92" width="180" height="88"/>
</OView>
<OView class="oracle.dbtools.crest.swingui.relational.TVTable" oid="F95E5073-6618-427E-5D78-21BA0A00A955" otype="Table" vid="D89659E8-CA17-EE9B-B476-2870C929758E">
<hideElementsInCurrentOnly>false</hideElementsInCurrentOnly>
<bounds x="1592" y="324" width="183" height="150"/>
</OView>
<OView class="oracle.dbtools.crest.swingui.relational.TVTable" oid="FF7B5439-A959-6A59-F522-3F748A1155CE" otype="Table" vid="05FB8BD9-2D0F-EF69-962F-D4B53186D457">
<hideElementsInCurrentOnly>false</hideElementsInCurrentOnly>
<bounds x="40" y="957" width="177" height="130"/>
</OView>
</objectViews>
<connectors>
<Connector class="oracle.dbtools.crest.swingui.relational.TVFKRelation" oid="0011C56E-F760-87AA-2864-A406620DFC93" otype="FKIndexAssociation" vid_source="B7595790-96A9-A25D-C00C-A5834DC76383" vid_target="4D1C6FF6-A569-4BAC-5897-0B8738E5A905">
<hideElementsInCurrentOnly>false</hideElementsInCurrentOnly>
<backgroundColor>-16777216</backgroundColor>
<lineWidth>1</lineWidth>
<points>
<point x="1796" y="744"/>
<point x="1879" y="744"/>
</points>
</Connector>
<Connector class="oracle.dbtools.crest.swingui.relational.TVFKRelation" oid="053E4844-0135-2B8F-B188-FD93795350DE" otype="FKIndexAssociation" vid_source="B7595790-96A9-A25D-C00C-A5834DC76383" vid_target="66290672-B67D-E791-07AC-4D9B7581FE92">
<hideElementsInCurrentOnly>false</hideElementsInCurrentOnly>
<backgroundColor>-16777216</backgroundColor>
<lineWidth>1</lineWidth>
<points>
<point x="1796" y="690"/>
<point x="1926" y="228"/>
<point x="1927" y="589"/>
<point x="1763" y="588"/>
<point x="2021" y="250"/>
</points>
</Connector>
<Connector class="oracle.dbtools.crest.swingui.relational.TVFKRelation" oid="063466CD-9836-2612-2823-0F9ADA1D34CE" otype="FKIndexAssociation" vid_source="6B9044F4-2811-FD33-82BB-7E0726820223" vid_target="72E6C033-A910-FA75-12B5-526621C30373">
<hideElementsInCurrentOnly>false</hideElementsInCurrentOnly>
<backgroundColor>-16777216</backgroundColor>
<lineWidth>1</lineWidth>
<points>
<point x="2119" y="487"/>
<point x="2119" y="1034"/>
<point x="1790" y="1034"/>
</points>
</Connector>
<Connector class="oracle.dbtools.crest.swingui.relational.TVFKRelation" oid="07DC2717-49D2-14D9-6305-DCA3E9340F99" otype="FKIndexAssociation" vid_source="8279CFC0-F774-62A9-950F-758EE1BEF047" vid_target="66290672-B67D-E791-07AC-4D9B7581FE92">
<hideElementsInCurrentOnly>false</hideElementsInCurrentOnly>
<backgroundColor>-16777216</backgroundColor>
<lineWidth>1</lineWidth>
<points>
<point x="1250" y="523"/>
<point x="1842" y="186"/>
<point x="1841" y="523"/>
<point x="2021" y="250"/>
</points>
</Connector>
<Connector class="oracle.dbtools.crest.swingui.relational.TVFKRelation" oid="09FF9E36-A8D5-BD5A-C534-20D398934D4A" otype="FKIndexAssociation" vid_source="4E702742-F836-4FD4-DADD-E800B59DF4D0" vid_target="6684E384-DF75-548D-CC3F-89E0FABEF361">
<hideElementsInCurrentOnly>false</hideElementsInCurrentOnly>
<backgroundColor>-16777216</backgroundColor>
<lineWidth>1</lineWidth>
<points>
<point x="1335" y="180"/>
<point x="1335" y="312"/>
</points>
</Connector>
<Connector class="oracle.dbtools.crest.swingui.relational.TVFKRelation" oid="0BD64390-81F2-373E-7142-9FCAE920E1A1" otype="FKIndexAssociation" vid_source="6684E384-DF75-548D-CC3F-89E0FABEF361" vid_target="0EA3289F-6D60-E643-39D0-344FA7447852">
<hideElementsInCurrentOnly>false</hideElementsInCurrentOnly>
<backgroundColor>-16777216</backgroundColor>
<lineWidth>1</lineWidth>
<points>
<point x="1248" y="352"/>
<point x="990" y="352"/>
</points>
</Connector>
<Connector class="oracle.dbtools.crest.swingui.relational.TVFKRelation" oid="1AD91DDA-490E-CE9A-E828-02FF2A35FCA5" otype="FKIndexAssociation" vid_source="4D1C6FF6-A569-4BAC-5897-0B8738E5A905" vid_target="6B9044F4-2811-FD33-82BB-7E0726820223">
<hideElementsInCurrentOnly>false</hideElementsInCurrentOnly>
<backgroundColor>-16777216</backgroundColor>
<lineWidth>1</lineWidth>
<points>
<point x="2037" y="688"/>
<point x="2037" y="487"/>
</points>
</Connector>
<Connector class="oracle.dbtools.crest.swingui.relational.TVFKRelation" oid="1D73AD64-6216-2233-7AD2-292CE10FB840" otype="FKIndexAssociation" vid_source="B7EB94B3-A9A8-2CBA-93FD-D102C568C9D9" vid_target="96AEC62E-FE20-B55C-0C97-5C46B894FACF">
<hideElementsInCurrentOnly>false</hideElementsInCurrentOnly>
<backgroundColor>-16777216</backgroundColor>
<lineWidth>1</lineWidth>
<points>
<point x="433" y="485"/>
<point x="433" y="501"/>
<point x="433" y="546"/>
</points>
</Connector>
<Connector class="oracle.dbtools.crest.swingui.relational.TVFKRelation" oid="2459B15D-1871-C63C-DEC3-183A5793EE21" otype="FKIndexAssociation" vid_source="11132EFB-9A72-CFA0-B05C-3F1788A809D6" vid_target="B7595790-96A9-A25D-C00C-A5834DC76383">
<hideElementsInCurrentOnly>false</hideElementsInCurrentOnly>
<backgroundColor>-16777216</backgroundColor>
<lineWidth>1</lineWidth>
<points>
<point x="1274" y="740"/>
<point x="1608" y="740"/>
</points>
</Connector>
<Connector class="oracle.dbtools.crest.swingui.relational.TVFKRelation" oid="25558885-A74B-98C7-BAC4-08078F469049" otype="FKIndexAssociation" vid_source="B7EB94B3-A9A8-2CBA-93FD-D102C568C9D9" vid_target="05FB8BD9-2D0F-EF69-962F-D4B53186D457">
<hideElementsInCurrentOnly>false</hideElementsInCurrentOnly>
<backgroundColor>-16777216</backgroundColor>
<lineWidth>1</lineWidth>
<points>
<point x="585" y="586"/>
<point x="585" y="878"/>
<point x="131" y="875"/>
<point x="131" y="957"/>
</points>
</Connector>
<Connector class="oracle.dbtools.crest.swingui.relational.TVFKRelation" oid="273AAF1C-334F-C89B-DB1C-2CB72B3EE84B" otype="FKIndexAssociation" vid_source="96AEC62E-FE20-B55C-0C97-5C46B894FACF" vid_target="09C50BF1-B57F-B2CC-E8C0-72403E7F3C7F">
<hideElementsInCurrentOnly>false</hideElementsInCurrentOnly>
<backgroundColor>-16777216</backgroundColor>
<lineWidth>1</lineWidth>
<points>
<point x="363" y="546"/>
<point x="363" y="436"/>
</points>
</Connector>
<Connector class="oracle.dbtools.crest.swingui.relational.TVFKRelation" oid="28FD9B47-5E35-900F-EF7E-5F450296EB83" otype="FKIndexAssociation" vid_source="2E2BF312-9B58-D3CE-8780-2180163D4C3B" vid_target="59CB2B57-A2F4-3C26-6014-F3D12D3C7AC0">
<hideElementsInCurrentOnly>false</hideElementsInCurrentOnly>
<backgroundColor>-16777216</backgroundColor>
<lineWidth>1</lineWidth>
<points>
<point x="119" y="663"/>
<point x="119" y="574"/>
</points>
</Connector>
<Connector class="oracle.dbtools.crest.swingui.relational.TVFKRelation" oid="2EF6A507-017E-0A0E-21C6-AFE399E53F35" otype="FKIndexAssociation" vid_source="0EA3289F-6D60-E643-39D0-344FA7447852" vid_target="45C4EC6B-179A-B83D-9587-B150EB7EF9CB">
<hideElementsInCurrentOnly>false</hideElementsInCurrentOnly>
<backgroundColor>-16777216</backgroundColor>
<lineWidth>1</lineWidth>
<points>
<point x="654" y="392"/>
<point x="654" y="663"/>
</points>
</Connector>
<Connector class="oracle.dbtools.crest.swingui.relational.TVFKRelation" oid="335210D1-D7AF-3E27-A2BC-9F6B6A8E3B59" otype="FKIndexAssociation" vid_source="9BB403EA-3D1E-0478-DF2B-1CE9FE63B927" vid_target="B07A9163-D8AC-8764-0CE3-FAA81F881CD9">
<hideElementsInCurrentOnly>false</hideElementsInCurrentOnly>
<backgroundColor>-16777216</backgroundColor>
<lineWidth>1</lineWidth>
<points>
<point x="1343" y="1179"/>
<point x="1343" y="1256"/>
</points>
</Connector>
<Connector class="oracle.dbtools.crest.swingui.relational.TVFKRelation" oid="3DB24604-C2F8-0A7C-554E-921E3FB514CD" otype="FKIndexAssociation" vid_source="D89659E8-CA17-EE9B-B476-2870C929758E" vid_target="679F3100-8670-68F5-F3FB-1B2C7866548C">
<hideElementsInCurrentOnly>false</hideElementsInCurrentOnly>
<backgroundColor>-16777216</backgroundColor>
<lineWidth>1</lineWidth>
<points>
<point x="1592" y="379"/>
<point x="799" y="213"/>
</points>
</Connector>
<Connector class="oracle.dbtools.crest.swingui.relational.TVFKRelation" oid="40130089-3C07-3554-9D87-F8A52F1F24AC" otype="FKIndexAssociation" vid_source="09279FB6-FB79-900F-F35F-F42EB5541637" vid_target="05FB8BD9-2D0F-EF69-962F-D4B53186D457">
<hideElementsInCurrentOnly>false</hideElementsInCurrentOnly>
<backgroundColor>-16777216</backgroundColor>
<lineWidth>1</lineWidth>
<points>
<point x="469" y="1022"/>
<point x="217" y="1022"/>
</points>
</Connector>
<Connector class="oracle.dbtools.crest.swingui.relational.TVFKRelation" oid="4B6C486C-2C25-76FD-1E51-CBB3A74981B5" otype="FKIndexAssociation" vid_source="D89659E8-CA17-EE9B-B476-2870C929758E" vid_target="B7595790-96A9-A25D-C00C-A5834DC76383">
<hideElementsInCurrentOnly>false</hideElementsInCurrentOnly>
<backgroundColor>-16777216</backgroundColor>
<lineWidth>1</lineWidth>
<points>
<point x="1691" y="474"/>
<point x="1691" y="690"/>
</points>
</Connector>
<Connector class="oracle.dbtools.crest.swingui.relational.TVFKRelation" oid="5554F7E4-D1A4-0706-C516-60C5E6A6FC67" otype="FKIndexAssociation" vid_source="6B9044F4-2811-FD33-82BB-7E0726820223" vid_target="66290672-B67D-E791-07AC-4D9B7581FE92">
<hideElementsInCurrentOnly>false</hideElementsInCurrentOnly>
<backgroundColor>-16777216</backgroundColor>
<lineWidth>1</lineWidth>
<points>
<point x="2123" y="328"/>
<point x="2123" y="250"/>
</points>
</Connector>
<Connector class="oracle.dbtools.crest.swingui.relational.TVFKRelation" oid="572EA081-5673-6205-A5EB-31C1BFB2FC7E" otype="FKIndexAssociation" vid_source="45C4EC6B-179A-B83D-9587-B150EB7EF9CB" vid_target="2E2BF312-9B58-D3CE-8780-2180163D4C3B">
<hideElementsInCurrentOnly>false</hideElementsInCurrentOnly>
<backgroundColor>-16777216</backgroundColor>
<lineWidth>1</lineWidth>
<points>
<point x="564" y="718"/>
<point x="228" y="718"/>
</points>
</Connector>
<Connector class="oracle.dbtools.crest.swingui.relational.TVFKRelation" oid="5A3C8C3D-2535-83EA-7D33-19367E7E6216" otype="FKIndexAssociation" vid_source="59CB2B57-A2F4-3C26-6014-F3D12D3C7AC0" vid_target="96AEC62E-FE20-B55C-0C97-5C46B894FACF">
<hideElementsInCurrentOnly>false</hideElementsInCurrentOnly>
<backgroundColor>-16777216</backgroundColor>
<lineWidth>1</lineWidth>
<points>
<point x="217" y="560"/>
<point x="271" y="560"/>
</points>
</Connector>
<Connector class="oracle.dbtools.crest.swingui.relational.TVFKRelation" oid="5BC250B8-9CDE-5CBF-D2A8-D29E7B5958A8" otype="FKIndexAssociation" vid_source="2E2BF312-9B58-D3CE-8780-2180163D4C3B" vid_target="FAA01685-D164-10E4-8F22-C46203129C1D">
<hideElementsInCurrentOnly>false</hideElementsInCurrentOnly>
<backgroundColor>-16777216</backgroundColor>
<lineWidth>1</lineWidth>
<points>
<point x="197" y="663"/>
<point x="521" y="407"/>
</points>
</Connector>
<Connector class="oracle.dbtools.crest.swingui.relational.TVFKRelation" oid="6C39D5BD-DED6-8E98-016A-CCA6A44AF862" otype="FKIndexAssociation" vid_source="A4E5EBBE-2DB6-6543-A8F0-7F4F1A3E94F4" vid_target="09C50BF1-B57F-B2CC-E8C0-72403E7F3C7F">
<hideElementsInCurrentOnly>false</hideElementsInCurrentOnly>
<backgroundColor>-16777216</backgroundColor>
<lineWidth>1</lineWidth>
<points>
<point x="670" y="571"/>
<point x="455" y="434"/>
</points>
</Connector>
<Connector class="oracle.dbtools.crest.swingui.relational.TVFKRelation" oid="7A3461DF-7C62-0920-292C-9B340A6CF8B1" otype="FKIndexAssociation" vid_source="E37092BD-112B-4597-70BC-9E6E44EFB7EC" vid_target="59CB2B57-A2F4-3C26-6014-F3D12D3C7AC0">
<hideElementsInCurrentOnly>false</hideElementsInCurrentOnly>
<backgroundColor>-16777216</backgroundColor>
<lineWidth>1</lineWidth>
<points>
<point x="117" y="230"/>
<point x="117" y="423"/>
</points>
</Connector>
<Connector class="oracle.dbtools.crest.swingui.relational.TVFKRelation" oid="80F2ED3C-8C97-4DCA-451D-84FC171F777C" otype="FKIndexAssociation" vid_source="D89659E8-CA17-EE9B-B476-2870C929758E" vid_target="6684E384-DF75-548D-CC3F-89E0FABEF361">
<hideElementsInCurrentOnly>false</hideElementsInCurrentOnly>
<backgroundColor>-16777216</backgroundColor>
<lineWidth>1</lineWidth>
<points>
<point x="1592" y="395"/>
<point x="1423" y="395"/>
</points>
</Connector>
<Connector class="oracle.dbtools.crest.swingui.relational.TVFKRelation" oid="8100BB49-44E1-D1F7-A89B-699567E66DF5" otype="FKIndexAssociation" vid_source="6EE2CDD8-5FCF-CDE5-9941-7F5C17E4E23C" vid_target="B7EB94B3-A9A8-2CBA-93FD-D102C568C9D9">
<hideElementsInCurrentOnly>false</hideElementsInCurrentOnly>
<backgroundColor>-16777216</backgroundColor>
<lineWidth>1</lineWidth>
<points>
<point x="1064" y="490"/>
<point x="388" y="490"/>
</points>
</Connector>
<Connector class="oracle.dbtools.crest.swingui.relational.TVFKRelation" oid="810D95A7-2651-DA34-3248-329CC4C76A36" otype="FKIndexAssociation" vid_source="6EE2CDD8-5FCF-CDE5-9941-7F5C17E4E23C" vid_target="0EA3289F-6D60-E643-39D0-344FA7447852">
<hideElementsInCurrentOnly>false</hideElementsInCurrentOnly>
<backgroundColor>-16777216</backgroundColor>
<lineWidth>1</lineWidth>
<points>
<point x="1064" y="198"/>
<point x="575" y="198"/>
</points>
</Connector>
<Connector class="oracle.dbtools.crest.swingui.relational.TVFKRelation" oid="84D646DA-02C6-C80E-0D38-2EF38973DE1E" otype="FKIndexAssociation" vid_source="624D72D1-A7D7-03E6-D158-B1CC8733B541" vid_target="66290672-B67D-E791-07AC-4D9B7581FE92">
<hideElementsInCurrentOnly>false</hideElementsInCurrentOnly>
<backgroundColor>-16777216</backgroundColor>
<lineWidth>1</lineWidth>
<points>
<point x="2329" y="187"/>
<point x="2227" y="187"/>
</points>
</Connector>
<Connector class="oracle.dbtools.crest.swingui.relational.TVFKRelation" oid="8914EAE8-A757-48A5-AAF0-1C03AE662FAA" otype="FKIndexAssociation" vid_source="0EA3289F-6D60-E643-39D0-344FA7447852" vid_target="8279CFC0-F774-62A9-950F-758EE1BEF047">
<hideElementsInCurrentOnly>false</hideElementsInCurrentOnly>
<backgroundColor>-16777216</backgroundColor>
<lineWidth>1</lineWidth>
<points>
<point x="967" y="392"/>
<point x="1091" y="523"/>
</points>
</Connector>
<Connector class="oracle.dbtools.crest.swingui.relational.TVFKRelation" oid="92D6D3EC-B4F3-6E3A-CCDE-8803BCEEDCB5" otype="FKIndexAssociation" vid_source="8279CFC0-F774-62A9-950F-758EE1BEF047" vid_target="72E6C033-A910-FA75-12B5-526621C30373">
<hideElementsInCurrentOnly>false</hideElementsInCurrentOnly>
<backgroundColor>-16777216</backgroundColor>
<lineWidth>1</lineWidth>
<points>
<point x="1250" y="570"/>
<point x="1510" y="570"/>
<point x="1513" y="983"/>
<point x="1513" y="1025"/>
<point x="1607" y="1025"/>
</points>
</Connector>
<Connector class="oracle.dbtools.crest.swingui.relational.TVFKRelation" oid="973A2F31-0597-A456-F45D-9845C1336B74" otype="FKIndexAssociation" vid_source="B7EB94B3-A9A8-2CBA-93FD-D102C568C9D9" vid_target="FAA01685-D164-10E4-8F22-C46203129C1D">
<hideElementsInCurrentOnly>false</hideElementsInCurrentOnly>
<backgroundColor>-16777216</backgroundColor>
<lineWidth>1</lineWidth>
<points>
<point x="551" y="458"/>
<point x="551" y="407"/>
</points>
</Connector>
<Connector class="oracle.dbtools.crest.swingui.relational.TVFKRelation" oid="AECF5098-2ECE-16FD-9D18-8AE4D18D2846" otype="FKIndexAssociation" vid_source="0EA3289F-6D60-E643-39D0-344FA7447852" vid_target="A4E5EBBE-2DB6-6543-A8F0-7F4F1A3E94F4">
<hideElementsInCurrentOnly>false</hideElementsInCurrentOnly>
<backgroundColor>-16777216</backgroundColor>
<lineWidth>1</lineWidth>
<points>
<point x="717" y="392"/>
<point x="717" y="571"/>
</points>
</Connector>
<Connector class="oracle.dbtools.crest.swingui.relational.TVFKRelation" oid="B454B4AF-01A2-0930-7539-90E1F0E3410F" otype="FKIndexAssociation" vid_source="11132EFB-9A72-CFA0-B05C-3F1788A809D6" vid_target="9BB403EA-3D1E-0478-DF2B-1CE9FE63B927">
<hideElementsInCurrentOnly>false</hideElementsInCurrentOnly>
<backgroundColor>-16777216</backgroundColor>
<lineWidth>1</lineWidth>
<points>
<point x="1117" y="764"/>
<point x="1039" y="1030"/>
<point x="1216" y="1030"/>
</points>
</Connector>
<Connector class="oracle.dbtools.crest.swingui.relational.TVFKRelation" oid="B4FDC366-2793-CB4C-6D62-065548C8CF08" otype="FKIndexAssociation" vid_source="B7EB94B3-A9A8-2CBA-93FD-D102C568C9D9" vid_target="09279FB6-FB79-900F-F35F-F42EB5541637">
<hideElementsInCurrentOnly>false</hideElementsInCurrentOnly>
<backgroundColor>-16777216</backgroundColor>
<lineWidth>1</lineWidth>
<points>
<point x="533" y="586"/>
<point x="533" y="954"/>
</points>
</Connector>
<Connector class="oracle.dbtools.crest.swingui.relational.TVFKRelation" oid="B574DB6F-CC83-2833-86D4-83E164AE85A4" otype="FKIndexAssociation" vid_source="CD8D2BFF-5B38-D52D-DA69-ECD449D6EFFE" vid_target="B7EB94B3-A9A8-2CBA-93FD-D102C568C9D9">
<hideElementsInCurrentOnly>false</hideElementsInCurrentOnly>
<backgroundColor>-16777216</backgroundColor>
<lineWidth>1</lineWidth>
<points>
<point x="426" y="231"/>
<point x="426" y="428"/>
<point x="426" y="458"/>
</points>
</Connector>
<Connector class="oracle.dbtools.crest.swingui.relational.TVFKRelation" oid="B5EE5DAB-CAEE-AF5E-7151-58946E79C1D4" otype="FKIndexAssociation" vid_source="9BB403EA-3D1E-0478-DF2B-1CE9FE63B927" vid_target="72E6C033-A910-FA75-12B5-526621C30373">
<hideElementsInCurrentOnly>false</hideElementsInCurrentOnly>
<backgroundColor>-16777216</backgroundColor>
<lineWidth>1</lineWidth>
<points>
<point x="1485" y="1058"/>
<point x="1607" y="1058"/>
</points>
</Connector>
<Connector class="oracle.dbtools.crest.swingui.relational.TVFKRelation" oid="BF604759-2190-4C9C-0918-0D4155B8DB94" otype="FKIndexAssociation" vid_source="B7595790-96A9-A25D-C00C-A5834DC76383" vid_target="72E6C033-A910-FA75-12B5-526621C30373">
<hideElementsInCurrentOnly>false</hideElementsInCurrentOnly>
<backgroundColor>-16777216</backgroundColor>
<lineWidth>1</lineWidth>
<points>
<point x="1699" y="859"/>
<point x="1699" y="975"/>
</points>
</Connector>
<Connector class="oracle.dbtools.crest.swingui.relational.TVFKRelation" oid="C594D380-E0C1-4902-79AF-168FA15CA1EA" otype="FKIndexAssociation" vid_source="0EA3289F-6D60-E643-39D0-344FA7447852" vid_target="11132EFB-9A72-CFA0-B05C-3F1788A809D6">
<hideElementsInCurrentOnly>false</hideElementsInCurrentOnly>
<backgroundColor>-16777216</backgroundColor>
<lineWidth>1</lineWidth>
<points>
<point x="931" y="392"/>
<point x="1177" y="716"/>
</points>
</Connector>
<Connector class="oracle.dbtools.crest.swingui.relational.TVFKRelation" oid="CE9B5085-CFFF-923F-A2F8-B026ECF93B30" otype="FKIndexAssociation" vid_source="B7EB94B3-A9A8-2CBA-93FD-D102C568C9D9" vid_target="4D1C6FF6-A569-4BAC-5897-0B8738E5A905">
<hideElementsInCurrentOnly>false</hideElementsInCurrentOnly>
<backgroundColor>-16777216</backgroundColor>
<lineWidth>1</lineWidth>
<points>
<point x="388" y="458"/>
<point x="235" y="451"/>
<point x="235" y="69"/>
<point x="1893" y="68"/>
<point x="1893" y="688"/>
</points>
</Connector>
<Connector class="oracle.dbtools.crest.swingui.relational.TVFKRelation" oid="DFB9541D-E008-1B4F-E080-7E72D409167B" otype="FKIndexAssociation" vid_source="66290672-B67D-E791-07AC-4D9B7581FE92" vid_target="679F3100-8670-68F5-F3FB-1B2C7866548C">
<hideElementsInCurrentOnly>false</hideElementsInCurrentOnly>
<backgroundColor>-16777216</backgroundColor>
<lineWidth>1</lineWidth>
<points>
<point x="2021" y="195"/>
<point x="799" y="195"/>
</points>
</Connector>
<Connector class="oracle.dbtools.crest.swingui.relational.TVFKRelation" oid="E6BCAF25-9B2B-5CE1-297A-8A9961A24521" otype="FKIndexAssociation" vid_source="11132EFB-9A72-CFA0-B05C-3F1788A809D6" vid_target="9BB403EA-3D1E-0478-DF2B-1CE9FE63B927">
<hideElementsInCurrentOnly>false</hideElementsInCurrentOnly>
<backgroundColor>-16777216</backgroundColor>
<lineWidth>1</lineWidth>
<points>
<point x="1117" y="764"/>
<point x="963" y="1098"/>
<point x="1216" y="1098"/>
</points>
</Connector>
<Connector class="oracle.dbtools.crest.swingui.relational.TVFKRelation" oid="EC3E1162-7CC8-3DE1-CEC4-9696C2C80273" otype="FKIndexAssociation" vid_source="D89659E8-CA17-EE9B-B476-2870C929758E" vid_target="6B9044F4-2811-FD33-82BB-7E0726820223">
<hideElementsInCurrentOnly>false</hideElementsInCurrentOnly>
<backgroundColor>-16777216</backgroundColor>
<lineWidth>1</lineWidth>
<points>
<point x="1775" y="401"/>
<point x="2026" y="401"/>
</points>
</Connector>
<Connector class="oracle.dbtools.crest.swingui.relational.TVFKRelation" oid="F52B4329-2842-005A-CF32-06502353F8AF" otype="FKIndexAssociation" vid_source="45C4EC6B-179A-B83D-9587-B150EB7EF9CB" vid_target="09279FB6-FB79-900F-F35F-F42EB5541637">
<hideElementsInCurrentOnly>false</hideElementsInCurrentOnly>
<backgroundColor>-16777216</backgroundColor>
<lineWidth>1</lineWidth>
<points>
<point x="734" y="774"/>
<point x="806" y="1031"/>
<point x="684" y="1031"/>
</points>
</Connector>
</connectors>
<arcs>
<Arc class="oracle.dbtools.crest.swingui.relational.TVFKArc" oid="146B8D0A-A6F1-8F69-6234-CEF80CB397CD" otype="FKArc" vid="C849F1EE-E310-0DED-C8F2-A64DE881E024">
<hideElementsInCurrentOnly>false</hideElementsInCurrentOnly>
<bounds x="367" y="-16" width="717" height="558"/>
</Arc>
<Arc class="oracle.dbtools.crest.swingui.relational.TVFKArc" oid="BFE517CE-1E7D-69A2-E3A0-827C1C06784B" otype="FKArc" vid="4B9634D1-4BD2-A85A-FD3B-B05AAC41CC2A">
<hideElementsInCurrentOnly>false</hideElementsInCurrentOnly>
<bounds x="555" y="-20" width="455" height="432"/>
</Arc>
</arcs>
</Diagram>
