<?xml version = '1.0' encoding = 'UTF-8'?>
<Relation class="oracle.dbtools.crest.model.design.logical.Relation" name="Kombinuje" directorySegmentName="seg_0" id="08411186-2E7C-CE07-C4C5-B3A5D7CF5936">
<createdBy>HP Pavilion</createdBy>
<createdTime>2024-07-24 15:12:47 UTC</createdTime>
<ownerDesignName>basketball-league</ownerDesignName>
<engineerTo>
<item key="B79C9AD2-FDB3-9718-DDEE-2B4D3A29CC4C" value="true"/>
</engineerTo>
<sourcePk>8A0B8D32-5208-667C-E94F-3A1A8F46E1E3</sourcePk>
<identifying>false</identifying>
<optionalSource>true</optionalSource>
<optionalTarget>true</optionalTarget>
<sourceCardinality>1</sourceCardinality>
<sourceEntity>1DD77CD9-DF65-EAA5-780F-1B83AB6CFBDE</sourceEntity>
<targetCardinalityString>*</targetCardinalityString>
<targetEntity>E8F6495F-5D9C-6B3A-5685-E7E48BDE7280</targetEntity>
<transferable>true</transferable>
<deleteRule>NO ACTION</deleteRule>
</Relation>
