<?xml version = '1.0' encoding = 'UTF-8'?>
<Relation class="oracle.dbtools.crest.model.design.logical.Relation" name="TreningUcestvuje" directorySegmentName="seg_0" id="08D52B92-2F72-66D6-A164-D1124D349268">
<createdBy>HP Pavilion</createdBy>
<createdTime>2024-07-24 15:40:26 UTC</createdTime>
<ownerDesignName>basketball-league</ownerDesignName>
<engineerTo>
<item key="B79C9AD2-FDB3-9718-DDEE-2B4D3A29CC4C" value="true"/>
</engineerTo>
<sourcePk>BA02AE87-CD04-D607-C0D7-2D216C44E24E</sourcePk>
<targetPk>DDEA3CE5-90D3-F521-750D-AC07F398B2DC</targetPk>
<identifying>true</identifying>
<optionalSource>false</optionalSource>
<optionalTarget>true</optionalTarget>
<sourceCardinality>*</sourceCardinality>
<sourceEntity>198EFB94-8E7E-0A4A-AE0A-97F78E2AE3FA</sourceEntity>
<targetCardinalityString>1</targetCardinalityString>
<targetEntity>6D69ABF7-8AC8-7E54-0CDE-0925DA31289C</targetEntity>
<transferable>true</transferable>
<deleteRule>NO ACTION</deleteRule>
</Relation>
