<?xml version = '1.0' encoding = 'UTF-8'?>
<Relation class="oracle.dbtools.crest.model.design.logical.Relation" name="Zakazuje" directorySegmentName="seg_0" id="1BC7AD1D-F40C-34D9-B1E9-F879A12B1C0C">
<createdBy>HP Pavilion</createdBy>
<createdTime>2024-07-24 15:36:43 UTC</createdTime>
<ownerDesignName>basketball-league</ownerDesignName>
<engineerTo>
<item key="B79C9AD2-FDB3-9718-DDEE-2B4D3A29CC4C" value="true"/>
</engineerTo>
<sourcePk>233C1954-442E-CC33-94C5-B301AFDF3D6B</sourcePk>
<identifying>false</identifying>
<optionalSource>true</optionalSource>
<optionalTarget>false</optionalTarget>
<sourceCardinality>1</sourceCardinality>
<sourceEntity>7D086B7C-B16E-2B12-ECE2-6716877F6970</sourceEntity>
<targetCardinalityString>1</targetCardinalityString>
<targetEntity>6D69ABF7-8AC8-7E54-0CDE-0925DA31289C</targetEntity>
<transferable>true</transferable>
<deleteRule>NO ACTION</deleteRule>
</Relation>
