<?xml version = '1.0' encoding = 'UTF-8'?>
<Relation class="oracle.dbtools.crest.model.design.logical.Relation" name="Objedinjuje" directorySegmentName="seg_0" id="1DD53E53-7541-201B-1BBD-83FB9D6728E3">
<createdBy>HP Pavilion</createdBy>
<createdTime>2024-07-24 16:51:58 UTC</createdTime>
<ownerDesignName>basketball-league</ownerDesignName>
<engineerTo>
<item key="B79C9AD2-FDB3-9718-DDEE-2B4D3A29CC4C" value="true"/>
</engineerTo>
<sourcePk>9D0C8D82-9C87-2028-96EA-4F503D73F8C6</sourcePk>
<targetPk>990068D8-C74E-E9AD-60B1-06B94E50E71B</targetPk>
<identifying>false</identifying>
<optionalSource>true</optionalSource>
<optionalTarget>true</optionalTarget>
<sourceCardinality>1</sourceCardinality>
<sourceEntity>B5DE9037-36C0-7F81-6F6D-ACACE41E3AD3</sourceEntity>
<targetCardinalityString>*</targetCardinalityString>
<targetEntity>525DE1C5-E8B1-AEB0-6ABE-6C0164C1B9A0</targetEntity>
<transferable>true</transferable>
<deleteRule>NO ACTION</deleteRule>
</Relation>
