<?xml version = '1.0' encoding = 'UTF-8'?>
<Relation class="oracle.dbtools.crest.model.design.logical.Relation" name="Reprezentuje" directorySegmentName="seg_0" id="2782446E-CFDF-6F58-0CEB-86F73BA34508">
<createdBy>HP Pavilion</createdBy>
<createdTime>2024-08-04 20:33:35 UTC</createdTime>
<ownerDesignName>basketball-league</ownerDesignName>
<engineerTo>
<item key="B79C9AD2-FDB3-9718-DDEE-2B4D3A29CC4C" value="true"/>
</engineerTo>
<sourcePk>27411BFE-FB64-C282-30AF-0B586D629090</sourcePk>
<targetPk>F9709F3F-C23E-82EF-275A-4D208D2BA767</targetPk>
<identifying>false</identifying>
<optionalSource>true</optionalSource>
<optionalTarget>true</optionalTarget>
<sourceCardinality>*</sourceCardinality>
<sourceEntity>C16C07F1-5401-A7AD-273F-933960A37A47</sourceEntity>
<targetCardinalityString>1</targetCardinalityString>
<targetEntity>4C8D0828-2FFC-DF8C-7D3F-3D066AC8EF2F</targetEntity>
<transferable>true</transferable>
<deleteRule>NO ACTION</deleteRule>
</Relation>
