<?xml version = '1.0' encoding = 'UTF-8'?>
<Relation class="oracle.dbtools.crest.model.design.logical.Relation" name="Obuhvata" directorySegmentName="seg_0" id="3933AFCB-6ABD-8D7D-0DCC-04C7EE357EE2">
<createdBy>HP Pavilion</createdBy>
<createdTime>2024-07-24 15:16:30 UTC</createdTime>
<ownerDesignName>basketball-league</ownerDesignName>
<engineerTo>
<item key="B79C9AD2-FDB3-9718-DDEE-2B4D3A29CC4C" value="true"/>
</engineerTo>
<sourcePk>371CE6FB-A986-DA97-8D25-C5BA3BEEFAAA</sourcePk>
<identifying>false</identifying>
<optionalSource>true</optionalSource>
<optionalTarget>false</optionalTarget>
<sourceCardinality>1</sourceCardinality>
<sourceEntity>E30AD785-027C-D920-E996-174C7659A6D7</sourceEntity>
<targetCardinalityString>*</targetCardinalityString>
<targetEntity>E8F6495F-5D9C-6B3A-5685-E7E48BDE7280</targetEntity>
<transferable>true</transferable>
<deleteRule>NO ACTION</deleteRule>
</Relation>
