<?xml version = '1.0' encoding = 'UTF-8'?>
<Relation class="oracle.dbtools.crest.model.design.logical.Relation" name="RegrutBira" directorySegmentName="seg_0" id="3ABF7FCA-1CFF-57C4-6551-4C30E59678C8">
<createdBy>HP Pavilion</createdBy>
<createdTime>2024-07-24 16:14:56 UTC</createdTime>
<ownerDesignName>basketball-league</ownerDesignName>
<engineerTo>
<item key="B79C9AD2-FDB3-9718-DDEE-2B4D3A29CC4C" value="true"/>
</engineerTo>
<sourcePk>3CA6F0A0-5C30-755A-F7CE-DF45CC769EEA</sourcePk>
<identifying>true</identifying>
<optionalSource>true</optionalSource>
<optionalTarget>false</optionalTarget>
<sourceCardinality>1</sourceCardinality>
<sourceEntity>EBB5A266-CCD0-7796-B0BC-7835F2F42A47</sourceEntity>
<targetCardinalityString>1</targetCardinalityString>
<targetEntity>49BC6A4D-63DB-D3D1-F29F-CF4630B36F96</targetEntity>
<transferable>true</transferable>
<deleteRule>NO ACTION</deleteRule>
</Relation>
