<?xml version = '1.0' encoding = 'UTF-8'?>
<Relation class="oracle.dbtools.crest.model.design.logical.Relation" name="Organizuje" directorySegmentName="seg_0" id="3B5D3EC9-5B35-A259-6D26-F32DC5230D22">
<createdBy>HP Pavilion</createdBy>
<createdTime>2024-07-24 15:38:44 UTC</createdTime>
<ownerDesignName>basketball-league</ownerDesignName>
<engineerTo>
<item key="B79C9AD2-FDB3-9718-DDEE-2B4D3A29CC4C" value="true"/>
</engineerTo>
<sourcePk>3CA6F0A0-5C30-755A-F7CE-DF45CC769EEA</sourcePk>
<identifying>false</identifying>
<optionalSource>true</optionalSource>
<optionalTarget>false</optionalTarget>
<sourceCardinality>1</sourceCardinality>
<sourceEntity>EF7F3D47-7E10-D35F-8343-3E2955A58E06</sourceEntity>
<targetCardinalityString>*</targetCardinalityString>
<targetEntity>7D086B7C-B16E-2B12-ECE2-6716877F6970</targetEntity>
<transferable>true</transferable>
<deleteRule>NO ACTION</deleteRule>
</Relation>
