<?xml version = '1.0' encoding = 'UTF-8'?>
<Relation class="oracle.dbtools.crest.model.design.logical.Relation" name="Formira" directorySegmentName="seg_0" id="52A86A58-531F-1BCC-A91D-A56D858039F5">
<createdBy>HP Pavilion</createdBy>
<createdTime>2024-07-24 15:13:36 UTC</createdTime>
<ownerDesignName>basketball-league</ownerDesignName>
<engineerTo>
<item key="B79C9AD2-FDB3-9718-DDEE-2B4D3A29CC4C" value="true"/>
</engineerTo>
<sourcePk>3CA6F0A0-5C30-755A-F7CE-DF45CC769EEA</sourcePk>
<identifying>false</identifying>
<optionalSource>true</optionalSource>
<optionalTarget>false</optionalTarget>
<sourceCardinality>1</sourceCardinality>
<sourceEntity>0FA4F592-0A5B-655C-A5A4-CB3E61E8755A</sourceEntity>
<targetCardinalityString>*</targetCardinalityString>
<targetEntity>E30AD785-027C-D920-E996-174C7659A6D7</targetEntity>
<transferable>true</transferable>
<deleteRule>NO ACTION</deleteRule>
</Relation>
