<?xml version = '1.0' encoding = 'UTF-8'?>
<Relation class="oracle.dbtools.crest.model.design.logical.Relation" name="SacinjenOd" directorySegmentName="seg_0" id="7EA6072E-6DAB-DCD6-E010-83876353736B">
<createdBy>HP Pavilion</createdBy>
<createdTime>2024-07-24 15:13:01 UTC</createdTime>
<ownerDesignName>basketball-league</ownerDesignName>
<engineerTo>
<item key="B79C9AD2-FDB3-9718-DDEE-2B4D3A29CC4C" value="true"/>
</engineerTo>
<sourcePk>3CA6F0A0-5C30-755A-F7CE-DF45CC769EEA</sourcePk>
<identifying>false</identifying>
<optionalSource>true</optionalSource>
<optionalTarget>true</optionalTarget>
<sourceCardinality>1</sourceCardinality>
<sourceEntity>B2FC9F65-0FE5-C689-4157-FD98C3C9C2CF</sourceEntity>
<targetCardinalityString>*</targetCardinalityString>
<targetEntity>E8F6495F-5D9C-6B3A-5685-E7E48BDE7280</targetEntity>
<transferable>true</transferable>
<deleteRule>NO ACTION</deleteRule>
</Relation>
