<?xml version = '1.0' encoding = 'UTF-8'?>
<Relation class="oracle.dbtools.crest.model.design.logical.Relation" name="Kreira" directorySegmentName="seg_0" id="85CADE04-5A43-54FC-DE3A-DC9F37180A58">
<createdBy>HP Pavilion</createdBy>
<createdTime>2024-07-24 16:51:29 UTC</createdTime>
<ownerDesignName>basketball-league</ownerDesignName>
<engineerTo>
<item key="B79C9AD2-FDB3-9718-DDEE-2B4D3A29CC4C" value="true"/>
</engineerTo>
<sourcePk>9D0C8D82-9C87-2028-96EA-4F503D73F8C6</sourcePk>
<targetPk>27411BFE-FB64-C282-30AF-0B586D629090</targetPk>
<identifying>false</identifying>
<optionalSource>true</optionalSource>
<optionalTarget>true</optionalTarget>
<sourceCardinality>*</sourceCardinality>
<sourceEntity>B5DE9037-36C0-7F81-6F6D-ACACE41E3AD3</sourceEntity>
<targetCardinalityString>*</targetCardinalityString>
<targetEntity>C16C07F1-5401-A7AD-273F-933960A37A47</targetEntity>
<transferable>true</transferable>
<deleteRule>NO ACTION</deleteRule>
</Relation>
