<?xml version = '1.0' encoding = 'UTF-8'?>
<Relation class="oracle.dbtools.crest.model.design.logical.Relation" name="Nadgleda" directorySegmentName="seg_0" id="85D93E11-109F-A764-B30C-873BC50C6A6E">
<createdBy>HP Pavilion</createdBy>
<createdTime>2024-07-24 15:44:10 UTC</createdTime>
<ownerDesignName>basketball-league</ownerDesignName>
<engineerTo>
<item key="B79C9AD2-FDB3-9718-DDEE-2B4D3A29CC4C" value="true"/>
</engineerTo>
<identifying>false</identifying>
<optionalSource>true</optionalSource>
<optionalTarget>true</optionalTarget>
<sourceCardinality>*</sourceCardinality>
<sourceEntity>8653EDBE-1A88-8B78-77EF-44FEB3D9539D</sourceEntity>
<targetCardinalityString>*</targetCardinalityString>
<targetEntity>198EFB94-8E7E-0A4A-AE0A-97F78E2AE3FA</targetEntity>
<transferable>true</transferable>
<deleteRule>NO ACTION</deleteRule>
</Relation>
