<?xml version = '1.0' encoding = 'UTF-8'?>
<Relation class="oracle.dbtools.crest.model.design.logical.Relation" name="Izdaje" directorySegmentName="seg_0" id="9B0BBAF3-1BFF-4715-F877-46E14ADE8A26">
<createdBy>HP Pavilion</createdBy>
<createdTime>2024-07-24 14:54:19 UTC</createdTime>
<ownerDesignName>basketball-league</ownerDesignName>
<engineerTo>
<item key="B79C9AD2-FDB3-9718-DDEE-2B4D3A29CC4C" value="true"/>
</engineerTo>
<sourcePk>9D0C8D82-9C87-2028-96EA-4F503D73F8C6</sourcePk>
<identifying>false</identifying>
<optionalSource>true</optionalSource>
<optionalTarget>false</optionalTarget>
<sourceCardinality>1</sourceCardinality>
<sourceEntity>B5DE9037-36C0-7F81-6F6D-ACACE41E3AD3</sourceEntity>
<targetCardinalityString>*</targetCardinalityString>
<targetEntity>AD721176-20AB-C7B1-D7D8-CD0D7A291673</targetEntity>
<transferable>true</transferable>
<deleteRule>NO ACTION</deleteRule>
</Relation>
