<?xml version = '1.0' encoding = 'UTF-8'?>
<Relation class="oracle.dbtools.crest.model.design.logical.Relation" name="RegrutUcestvuje" directorySegmentName="seg_0" id="ADEDBDFE-BC98-7D11-5636-B6ED512439A4">
<createdBy>HP Pavilion</createdBy>
<createdTime>2024-07-24 15:39:41 UTC</createdTime>
<ownerDesignName>basketball-league</ownerDesignName>
<engineerTo>
<item key="B79C9AD2-FDB3-9718-DDEE-2B4D3A29CC4C" value="true"/>
</engineerTo>
<targetPk>3CA6F0A0-5C30-755A-F7CE-DF45CC769EEA</targetPk>
<identifying>true</identifying>
<optionalSource>false</optionalSource>
<optionalTarget>true</optionalTarget>
<sourceCardinality>*</sourceCardinality>
<sourceEntity>198EFB94-8E7E-0A4A-AE0A-97F78E2AE3FA</sourceEntity>
<targetCardinalityString>1</targetCardinalityString>
<targetEntity>EBB5A266-CCD0-7796-B0BC-7835F2F42A47</targetEntity>
<transferable>true</transferable>
<deleteRule>NO ACTION</deleteRule>
</Relation>
