<?xml version = '1.0' encoding = 'UTF-8'?>
<Relation class="oracle.dbtools.crest.model.design.logical.Relation" name="Koristi" directorySegmentName="seg_0" id="DC7F631C-771A-62D5-7CE5-F37B74CB7FEE">
<createdBy>HP Pavilion</createdBy>
<createdTime>2024-07-24 16:24:05 UTC</createdTime>
<ownerDesignName>basketball-league</ownerDesignName>
<engineerTo>
<item key="B79C9AD2-FDB3-9718-DDEE-2B4D3A29CC4C" value="true"/>
</engineerTo>
<sourcePk>3CA6F0A0-5C30-755A-F7CE-DF45CC769EEA</sourcePk>
<identifying>false</identifying>
<optionalSource>true</optionalSource>
<optionalTarget>true</optionalTarget>
<sourceCardinality>1</sourceCardinality>
<sourceEntity>0FA4F592-0A5B-655C-A5A4-CB3E61E8755A</sourceEntity>
<targetCardinalityString>*</targetCardinalityString>
<targetEntity>4C8D0828-2FFC-DF8C-7D3F-3D066AC8EF2F</targetEntity>
<transferable>true</transferable>
<deleteRule>NO ACTION</deleteRule>
</Relation>
