<?xml version = '1.0' encoding = 'UTF-8'?>
<Relation class="oracle.dbtools.crest.model.design.logical.Relation" name="Prijavljuje" directorySegmentName="seg_0" id="EA80D9E8-D993-A5C3-D4D9-C1860B6E4BDF">
<createdBy>HP Pavilion</createdBy>
<createdTime>2024-07-24 15:32:46 UTC</createdTime>
<ownerDesignName>basketball-league</ownerDesignName>
<engineerTo>
<item key="B79C9AD2-FDB3-9718-DDEE-2B4D3A29CC4C" value="true"/>
</engineerTo>
<sourcePk>7FB5BEDB-952A-2E67-8696-E4285533529B</sourcePk>
<identifying>false</identifying>
<optionalSource>false</optionalSource>
<optionalTarget>true</optionalTarget>
<sourceCardinality>1</sourceCardinality>
<sourceEntity>2E390641-6A23-17E8-D910-E545A90EDF3F</sourceEntity>
<targetCardinalityString>*</targetCardinalityString>
<targetEntity>EBB5A266-CCD0-7796-B0BC-7835F2F42A47</targetEntity>
<transferable>true</transferable>
<deleteRule>NO ACTION</deleteRule>
</Relation>
