<?xml version = '1.0' encoding = 'UTF-8'?>
<Relation class="oracle.dbtools.crest.model.design.logical.Relation" name="Sadrzi" directorySegmentName="seg_0" id="EFE0A66A-9633-F2E6-176B-79CC5AE458A0">
<createdBy>HP Pavilion</createdBy>
<createdTime>2024-07-24 16:25:16 UTC</createdTime>
<ownerDesignName>basketball-league</ownerDesignName>
<engineerTo>
<item key="B79C9AD2-FDB3-9718-DDEE-2B4D3A29CC4C" value="true"/>
</engineerTo>
<sourcePk>F9709F3F-C23E-82EF-275A-4D208D2BA767</sourcePk>
<identifying>false</identifying>
<optionalSource>true</optionalSource>
<optionalTarget>true</optionalTarget>
<sourceCardinality>1</sourceCardinality>
<sourceEntity>4C8D0828-2FFC-DF8C-7D3F-3D066AC8EF2F</sourceEntity>
<targetCardinalityString>*</targetCardinalityString>
<targetEntity>E8F6495F-5D9C-6B3A-5685-E7E48BDE7280</targetEntity>
<transferable>true</transferable>
<deleteRule>NO ACTION</deleteRule>
</Relation>
