<?xml version = '1.0' encoding = 'UTF-8'?>
<Entity class="oracle.dbtools.crest.model.design.logical.Entity" directorySegmentName="seg_0" id="198EFB94-8E7E-0A4A-AE0A-97F78E2AE3FA" name="Ucestvuje">
<createdBy>HP Pavilion</createdBy>
<createdTime>2024-07-24 15:39:21 UTC</createdTime>
<ownerDesignName>basketball-league</ownerDesignName>
<engineerTo>
<item key="B79C9AD2-FDB3-9718-DDEE-2B4D3A29CC4C" value="true"/>
</engineerTo>
<adequatelyNormalized>NO</adequatelyNormalized>
<expectedVolumes>0</expectedVolumes>
<fwdEngineeringStrategyName>Single Table</fwdEngineeringStrategyName>
<growthPercent>0</growthPercent>
<growthType>Year</growthType>
<maxVolumes>9999999</maxVolumes>
<minVolumes>0</minVolumes>
<normalForm>Third</normalForm>
<attributes itemClass="oracle.dbtools.crest.model.design.logical.Attribute">
<Attribute name="IdReg" id="F0E833AC-8C21-751F-3C8A-B6BFCFA8C804">
<createdBy>HP Pavilion</createdBy>
<createdTime>2024-07-24 15:40:05 UTC</createdTime>
<generatorID>ADEDBDFE-BC98-7D11-5636-B6ED512439A4</generatorID>
<ownerDesignName>basketball-league</ownerDesignName>
<engineerTo>
<item key="B79C9AD2-FDB3-9718-DDEE-2B4D3A29CC4C" value="true"/>
</engineerTo>
<referedAttribute>B829AB3A-B06E-88B7-55D5-3AB46479680F</referedAttribute>
<useDomainConstraints>false</useDomainConstraints>
<use>1</use>
<logicalDatatype>LOGDT011</logicalDatatype>
<ownDataTypeParameters>,,</ownDataTypeParameters>
</Attribute>
<Attribute name="IdTrng" id="E8A99BF6-46A2-3B34-7924-BC8C0A7532AA">
<createdBy>HP Pavilion</createdBy>
<createdTime>2024-07-24 15:41:03 UTC</createdTime>
<generatorID>08D52B92-2F72-66D6-A164-D1124D349268</generatorID>
<ownerDesignName>basketball-league</ownerDesignName>
<engineerTo>
<item key="B79C9AD2-FDB3-9718-DDEE-2B4D3A29CC4C" value="true"/>
</engineerTo>
<referedAttribute>67080D3D-770A-F086-F6BE-815508B28CF6</referedAttribute>
<useDomainConstraints>false</useDomainConstraints>
<use>1</use>
<logicalDatatype>LOGDT011</logicalDatatype>
<ownDataTypeParameters>,,</ownDataTypeParameters>
</Attribute>
</attributes>
<identifiers itemClass="oracle.dbtools.crest.model.design.logical.CandidateKey">
<identifier id="BA02AE87-CD04-D607-C0D7-2D216C44E24E" name="Ucestvuje PK">
<createdBy>HP Pavilion</createdBy>
<createdTime>2024-07-24 15:40:05 UTC</createdTime>
<ownerDesignName>basketball-league</ownerDesignName>
<engineerTo>
<item key="B79C9AD2-FDB3-9718-DDEE-2B4D3A29CC4C" value="true"/>
</engineerTo>
<pk>true</pk>
<usedAttributes>
<attributeRef>F0E833AC-8C21-751F-3C8A-B6BFCFA8C804</attributeRef>
<attributeRef>E8A99BF6-46A2-3B34-7924-BC8C0A7532AA</attributeRef>
</usedAttributes>
</identifier>
</identifiers>
</Entity>
