<?xml version = '1.0' encoding = 'UTF-8'?>
<Entity class="oracle.dbtools.crest.model.design.logical.Entity" directorySegmentName="seg_0" id="1DD77CD9-DF65-EAA5-780F-1B83AB6CFBDE" name="PravaNaIgraca">
<createdBy>HP Pavilion</createdBy>
<createdTime>2024-07-24 14:57:11 UTC</createdTime>
<ownerDesignName>basketball-league</ownerDesignName>
<engineerTo>
<item key="B79C9AD2-FDB3-9718-DDEE-2B4D3A29CC4C" value="true"/>
</engineerTo>
<adequatelyNormalized>NO</adequatelyNormalized>
<expectedVolumes>0</expectedVolumes>
<fwdEngineeringStrategyName>Single Table</fwdEngineeringStrategyName>
<growthPercent>0</growthPercent>
<growthType>Year</growthType>
<maxVolumes>9999999</maxVolumes>
<minVolumes>0</minVolumes>
<normalForm>Third</normalForm>
<attributes itemClass="oracle.dbtools.crest.model.design.logical.Attribute">
<Attribute name="IdPrava" id="7B6F94A8-8C2C-7451-D62E-76ABDF5B6B20">
<createdBy>HP Pavilion</createdBy>
<createdTime>2024-07-24 14:57:19 UTC</createdTime>
<ownerDesignName>basketball-league</ownerDesignName>
<engineerTo>
<item key="B79C9AD2-FDB3-9718-DDEE-2B4D3A29CC4C" value="true"/>
</engineerTo>
<useDomainConstraints>false</useDomainConstraints>
<use>1</use>
<logicalDatatype>LOGDT011</logicalDatatype>
<ownDataTypeParameters>,,</ownDataTypeParameters>
</Attribute>
<Attribute name="ImeIgrPrava" id="54EA7FB4-E8F9-A736-09BC-02602F0BE14B">
<createdBy>HP Pavilion</createdBy>
<createdTime>2024-07-24 14:57:30 UTC</createdTime>
<ownerDesignName>basketball-league</ownerDesignName>
<engineerTo>
<item key="B79C9AD2-FDB3-9718-DDEE-2B4D3A29CC4C" value="true"/>
</engineerTo>
<useDomainConstraints>false</useDomainConstraints>
<use>1</use>
<logicalDatatype>LOGDT024</logicalDatatype>
<dataTypeSize>24 CHAR</dataTypeSize>
<ownDataTypeParameters>24 CHAR,,</ownDataTypeParameters>
</Attribute>
<Attribute name="PrezimeIgrPrava" id="39A70052-F017-76A9-327D-E53309AE798F">
<createdBy>HP Pavilion</createdBy>
<createdTime>2024-07-24 14:57:49 UTC</createdTime>
<ownerDesignName>basketball-league</ownerDesignName>
<engineerTo>
<item key="B79C9AD2-FDB3-9718-DDEE-2B4D3A29CC4C" value="true"/>
</engineerTo>
<useDomainConstraints>false</useDomainConstraints>
<use>1</use>
<logicalDatatype>LOGDT024</logicalDatatype>
<dataTypeSize>24 CHAR</dataTypeSize>
<ownDataTypeParameters>24 CHAR,,</ownDataTypeParameters>
</Attribute>
<Attribute name="PozicijaIgrPrava" id="EA29EAB6-C580-E3AC-2C95-0F51E9928F4D">
<createdBy>HP Pavilion</createdBy>
<createdTime>2024-07-24 14:58:06 UTC</createdTime>
<ownerDesignName>basketball-league</ownerDesignName>
<engineerTo>
<item key="B79C9AD2-FDB3-9718-DDEE-2B4D3A29CC4C" value="true"/>
</engineerTo>
<nullsAllowed>true</nullsAllowed>
<use>0</use>
<logicalDatatype>LOGDT024</logicalDatatype>
<domain>F8A605CE-6BF2-6C6D-6DA3-8DB8F250F761</domain>
<ownDataTypeParameters>,,</ownDataTypeParameters>
</Attribute>
<Attribute name="IdTim" id="E5B6E1E3-255F-207F-73E9-DC58DD75C3EB">
<createdBy>HP Pavilion</createdBy>
<createdTime>2024-07-24 14:58:19 UTC</createdTime>
<generatorID>59EB7D3F-EE8A-6F5F-4792-4A1EEED90E47</generatorID>
<ownerDesignName>basketball-league</ownerDesignName>
<engineerTo>
<item key="B79C9AD2-FDB3-9718-DDEE-2B4D3A29CC4C" value="true"/>
</engineerTo>
<referedAttribute>8661B55D-0729-C0AF-D28F-B6D21A9BCCBC</referedAttribute>
<useDomainConstraints>false</useDomainConstraints>
<use>1</use>
<logicalDatatype>LOGDT011</logicalDatatype>
<ownDataTypeParameters>,,</ownDataTypeParameters>
</Attribute>
<Attribute name="IdRegrut" id="23C5FC97-D772-2E82-BE81-8A0A6F7D7391">
<createdBy>HP Pavilion</createdBy>
<createdTime>2024-07-24 16:25:59 UTC</createdTime>
<generatorID>BED6C7F0-D0D0-9DCB-0C7E-1D992E9CFDBE</generatorID>
<ownerDesignName>basketball-league</ownerDesignName>
<engineerTo>
<item key="B79C9AD2-FDB3-9718-DDEE-2B4D3A29CC4C" value="true"/>
</engineerTo>
<referedAttribute>29EAAF5B-B06C-B6CD-7B99-985316FF9669</referedAttribute>
<useDomainConstraints>false</useDomainConstraints>
<use>1</use>
<logicalDatatype>LOGDT011</logicalDatatype>
<ownDataTypeParameters>,,</ownDataTypeParameters>
</Attribute>
<Attribute name="IdPik" id="BEA40298-4252-0E12-1BDC-03EBE476C071">
<createdBy>HP Pavilion</createdBy>
<createdTime>2024-07-24 16:25:59 UTC</createdTime>
<generatorID>BED6C7F0-D0D0-9DCB-0C7E-1D992E9CFDBE</generatorID>
<ownerDesignName>basketball-league</ownerDesignName>
<engineerTo>
<item key="B79C9AD2-FDB3-9718-DDEE-2B4D3A29CC4C" value="true"/>
</engineerTo>
<referedAttribute>71F3D286-B0D1-D5C8-15C4-E0EB90BCC20A</referedAttribute>
<useDomainConstraints>false</useDomainConstraints>
<use>1</use>
<logicalDatatype>LOGDT011</logicalDatatype>
<ownDataTypeParameters>,,</ownDataTypeParameters>
</Attribute>
</attributes>
<identifiers itemClass="oracle.dbtools.crest.model.design.logical.CandidateKey">
<identifier id="8A0B8D32-5208-667C-E94F-3A1A8F46E1E3" name="PravaNaIgraca PK">
<createdBy>HP Pavilion</createdBy>
<createdTime>2024-07-24 14:57:28 UTC</createdTime>
<ownerDesignName>basketball-league</ownerDesignName>
<engineerTo>
<item key="B79C9AD2-FDB3-9718-DDEE-2B4D3A29CC4C" value="true"/>
</engineerTo>
<pk>true</pk>
<usedAttributes>
<attributeRef>7B6F94A8-8C2C-7451-D62E-76ABDF5B6B20</attributeRef>
</usedAttributes>
</identifier>
</identifiers>
</Entity>
