<?xml version = '1.0' encoding = 'UTF-8'?>
<Entity class="oracle.dbtools.crest.model.design.logical.Entity" directorySegmentName="seg_0" id="3CC3E915-6486-E3B7-C204-5BDCCDC470B1" name="Korisnik">
<createdBy>HP Pavilion</createdBy>
<createdTime>2024-07-24 14:59:22 UTC</createdTime>
<ownerDesignName>basketball-league</ownerDesignName>
<engineerTo>
<item key="B79C9AD2-FDB3-9718-DDEE-2B4D3A29CC4C" value="true"/>
</engineerTo>
<adequatelyNormalized>NO</adequatelyNormalized>
<expectedVolumes>0</expectedVolumes>
<fwdEngineeringStrategyName>Single Table</fwdEngineeringStrategyName>
<growthPercent>0</growthPercent>
<growthType>Year</growthType>
<maxVolumes>9999999</maxVolumes>
<minVolumes>0</minVolumes>
<normalForm>Third</normalForm>
<discriminatorAttributeID>8F62FD7E-8BB2-E790-95A4-937563361CC9</discriminatorAttributeID>
<completeSubtypes>true</completeSubtypes>
<attributes itemClass="oracle.dbtools.crest.model.design.logical.Attribute">
<Attribute name="Id" id="B829AB3A-B06E-88B7-55D5-3AB46479680F">
<createdBy>HP Pavilion</createdBy>
<createdTime>2024-07-24 14:59:32 UTC</createdTime>
<ownerDesignName>basketball-league</ownerDesignName>
<engineerTo>
<item key="B79C9AD2-FDB3-9718-DDEE-2B4D3A29CC4C" value="true"/>
</engineerTo>
<useDomainConstraints>false</useDomainConstraints>
<use>1</use>
<logicalDatatype>LOGDT011</logicalDatatype>
<ownDataTypeParameters>,,</ownDataTypeParameters>
</Attribute>
<Attribute name="Email" id="806E083F-0CC2-2871-4A78-4C2293F36119">
<createdBy>HP Pavilion</createdBy>
<createdTime>2024-07-24 14:59:39 UTC</createdTime>
<ownerDesignName>basketball-league</ownerDesignName>
<engineerTo>
<item key="B79C9AD2-FDB3-9718-DDEE-2B4D3A29CC4C" value="true"/>
</engineerTo>
<useDomainConstraints>false</useDomainConstraints>
<use>1</use>
<logicalDatatype>LOGDT024</logicalDatatype>
<dataTypeSize>24 CHAR</dataTypeSize>
<ownDataTypeParameters>24 CHAR,,</ownDataTypeParameters>
</Attribute>
<Attribute name="Ime" id="020358CC-5AF9-1B1E-EA80-C4BC99358254">
<createdBy>HP Pavilion</createdBy>
<createdTime>2024-07-24 14:59:51 UTC</createdTime>
<ownerDesignName>basketball-league</ownerDesignName>
<engineerTo>
<item key="B79C9AD2-FDB3-9718-DDEE-2B4D3A29CC4C" value="true"/>
</engineerTo>
<useDomainConstraints>false</useDomainConstraints>
<use>1</use>
<logicalDatatype>LOGDT024</logicalDatatype>
<dataTypeSize>24 CHAR</dataTypeSize>
<ownDataTypeParameters>24 CHAR,,</ownDataTypeParameters>
</Attribute>
<Attribute name="Prezime" id="879E25F2-99AA-1520-B1BB-C48BE9DD236A">
<createdBy>HP Pavilion</createdBy>
<createdTime>2024-07-24 15:00:14 UTC</createdTime>
<ownerDesignName>basketball-league</ownerDesignName>
<engineerTo>
<item key="B79C9AD2-FDB3-9718-DDEE-2B4D3A29CC4C" value="true"/>
</engineerTo>
<useDomainConstraints>false</useDomainConstraints>
<use>1</use>
<logicalDatatype>LOGDT024</logicalDatatype>
<dataTypeSize>24 CHAR</dataTypeSize>
<ownDataTypeParameters>24 CHAR,,</ownDataTypeParameters>
</Attribute>
<Attribute name="DatRodj" id="A2BB1073-1E81-59A7-1F09-101A288E9EC7">
<createdBy>HP Pavilion</createdBy>
<createdTime>2024-07-24 15:00:25 UTC</createdTime>
<ownerDesignName>basketball-league</ownerDesignName>
<engineerTo>
<item key="B79C9AD2-FDB3-9718-DDEE-2B4D3A29CC4C" value="true"/>
</engineerTo>
<useDomainConstraints>false</useDomainConstraints>
<use>1</use>
<logicalDatatype>LOGDT007</logicalDatatype>
<ownDataTypeParameters>,,</ownDataTypeParameters>
</Attribute>
<Attribute name="Lozinka" id="4D59D573-EB5E-2F54-D553-897ED119BEDC">
<createdBy>HP Pavilion</createdBy>
<createdTime>2024-07-24 15:00:34 UTC</createdTime>
<ownerDesignName>basketball-league</ownerDesignName>
<engineerTo>
<item key="B79C9AD2-FDB3-9718-DDEE-2B4D3A29CC4C" value="true"/>
</engineerTo>
<useDomainConstraints>false</useDomainConstraints>
<use>1</use>
<logicalDatatype>LOGDT024</logicalDatatype>
<dataTypeSize>32 CHAR</dataTypeSize>
<ownDataTypeParameters>32 CHAR,,</ownDataTypeParameters>
</Attribute>
<Attribute name="Uloga" id="8F62FD7E-8BB2-E790-95A4-937563361CC9">
<createdBy>HP Pavilion</createdBy>
<createdTime>2024-07-24 15:00:50 UTC</createdTime>
<ownerDesignName>basketball-league</ownerDesignName>
<engineerTo>
<item key="B79C9AD2-FDB3-9718-DDEE-2B4D3A29CC4C" value="true"/>
</engineerTo>
<use>0</use>
<logicalDatatype>LOGDT024</logicalDatatype>
<domain>EAF1AD29-0DA2-F2E5-22DB-F36EAD5A0839</domain>
<ownDataTypeParameters>,,</ownDataTypeParameters>
</Attribute>
</attributes>
<identifiers itemClass="oracle.dbtools.crest.model.design.logical.CandidateKey">
<identifier id="3CA6F0A0-5C30-755A-F7CE-DF45CC769EEA" name="Korisnik PK">
<createdBy>HP Pavilion</createdBy>
<createdTime>2024-07-24 14:59:37 UTC</createdTime>
<ownerDesignName>basketball-league</ownerDesignName>
<engineerTo>
<item key="B79C9AD2-FDB3-9718-DDEE-2B4D3A29CC4C" value="true"/>
</engineerTo>
<pk>true</pk>
<usedAttributes>
<attributeRef>B829AB3A-B06E-88B7-55D5-3AB46479680F</attributeRef>
</usedAttributes>
</identifier>
</identifiers>
</Entity>
