<?xml version = '1.0' encoding = 'UTF-8'?>
<Entity class="oracle.dbtools.crest.model.design.logical.Entity" directorySegmentName="seg_0" id="525DE1C5-E8B1-AEB0-6ABE-6C0164C1B9A0" name="NedodirljivaImovinaTima">
<createdBy>HP Pavilion</createdBy>
<createdTime>2024-07-24 16:45:05 UTC</createdTime>
<ownerDesignName>basketball-league</ownerDesignName>
<engineerTo>
<item key="B79C9AD2-FDB3-9718-DDEE-2B4D3A29CC4C" value="true"/>
</engineerTo>
<adequatelyNormalized>NO</adequatelyNormalized>
<expectedVolumes>0</expectedVolumes>
<fwdEngineeringStrategyName>Single Table</fwdEngineeringStrategyName>
<growthPercent>0</growthPercent>
<growthType>Year</growthType>
<maxVolumes>9999999</maxVolumes>
<minVolumes>0</minVolumes>
<normalForm>Third</normalForm>
<attributes itemClass="oracle.dbtools.crest.model.design.logical.Attribute">
<Attribute name="IdNedIdTim" id="0E3A8CB1-9EEC-96E4-C264-94B565F5CD93">
<createdBy>HP Pavilion</createdBy>
<createdTime>2024-07-24 16:45:17 UTC</createdTime>
<ownerDesignName>basketball-league</ownerDesignName>
<engineerTo>
<item key="B79C9AD2-FDB3-9718-DDEE-2B4D3A29CC4C" value="true"/>
</engineerTo>
<useDomainConstraints>false</useDomainConstraints>
<use>1</use>
<logicalDatatype>LOGDT011</logicalDatatype>
<ownDataTypeParameters>,,</ownDataTypeParameters>
</Attribute>
<Attribute name="DatDodNedImoTim" id="1DAF91AA-5CF9-2DAD-3B0F-6F4FC09EEF06">
<createdBy>HP Pavilion</createdBy>
<createdTime>2024-07-24 16:45:36 UTC</createdTime>
<ownerDesignName>basketball-league</ownerDesignName>
<engineerTo>
<item key="B79C9AD2-FDB3-9718-DDEE-2B4D3A29CC4C" value="true"/>
</engineerTo>
<useDomainConstraints>false</useDomainConstraints>
<use>1</use>
<logicalDatatype>LOGDT007</logicalDatatype>
<ownDataTypeParameters>,,</ownDataTypeParameters>
</Attribute>
<Attribute name="BelesNedImoTim" id="C05D8FA6-F1E0-1A80-F890-FF5B0E803E70">
<createdBy>HP Pavilion</createdBy>
<createdTime>2024-07-24 16:45:50 UTC</createdTime>
<ownerDesignName>basketball-league</ownerDesignName>
<engineerTo>
<item key="B79C9AD2-FDB3-9718-DDEE-2B4D3A29CC4C" value="true"/>
</engineerTo>
<nullsAllowed>true</nullsAllowed>
<useDomainConstraints>false</useDomainConstraints>
<use>1</use>
<logicalDatatype>LOGDT024</logicalDatatype>
<dataTypeSize>64 CHAR</dataTypeSize>
<ownDataTypeParameters>64 CHAR,,</ownDataTypeParameters>
</Attribute>
<Attribute name="IdTipNedImo" id="4F9AD32E-3477-309A-C6F7-4CA12D3EDCC7">
<createdBy>HP Pavilion</createdBy>
<createdTime>2024-07-24 16:47:55 UTC</createdTime>
<generatorID>CEFE4145-1E1D-94D4-1B1E-A71D361C605A</generatorID>
<ownerDesignName>basketball-league</ownerDesignName>
<engineerTo>
<item key="B79C9AD2-FDB3-9718-DDEE-2B4D3A29CC4C" value="true"/>
</engineerTo>
<referedAttribute>A0347E0C-D768-03C8-A222-935977B64BBC</referedAttribute>
<useDomainConstraints>false</useDomainConstraints>
<use>1</use>
<logicalDatatype>LOGDT011</logicalDatatype>
<ownDataTypeParameters>,,</ownDataTypeParameters>
</Attribute>
<Attribute name="IdTim" id="6C6D40C9-8D51-7652-BD21-B4F7DEB85164">
<createdBy>HP Pavilion</createdBy>
<createdTime>2024-07-24 16:51:58 UTC</createdTime>
<generatorID>1DD53E53-7541-201B-1BBD-83FB9D6728E3</generatorID>
<ownerDesignName>basketball-league</ownerDesignName>
<engineerTo>
<item key="B79C9AD2-FDB3-9718-DDEE-2B4D3A29CC4C" value="true"/>
</engineerTo>
<nullsAllowed>true</nullsAllowed>
<referedAttribute>8661B55D-0729-C0AF-D28F-B6D21A9BCCBC</referedAttribute>
<useDomainConstraints>false</useDomainConstraints>
<use>1</use>
<logicalDatatype>LOGDT011</logicalDatatype>
<ownDataTypeParameters>,,</ownDataTypeParameters>
</Attribute>
</attributes>
<identifiers itemClass="oracle.dbtools.crest.model.design.logical.CandidateKey">
<identifier id="990068D8-C74E-E9AD-60B1-06B94E50E71B" name="NedodirljivaImovinaTima PK">
<createdBy>HP Pavilion</createdBy>
<createdTime>2024-07-24 16:45:34 UTC</createdTime>
<ownerDesignName>basketball-league</ownerDesignName>
<engineerTo>
<item key="B79C9AD2-FDB3-9718-DDEE-2B4D3A29CC4C" value="true"/>
</engineerTo>
<pk>true</pk>
<usedAttributes>
<attributeRef>0E3A8CB1-9EEC-96E4-C264-94B565F5CD93</attributeRef>
</usedAttributes>
</identifier>
</identifiers>
</Entity>
