<?xml version = '1.0' encoding = 'UTF-8'?>
<Entity class="oracle.dbtools.crest.model.design.logical.Entity" directorySegmentName="seg_0" id="64C1986F-3547-B4A8-AA39-D9C9926E6315" name="Trgovina">
<createdBy>HP Pavilion</createdBy>
<createdTime>2024-07-24 15:17:09 UTC</createdTime>
<ownerDesignName>basketball-league</ownerDesignName>
<engineerTo>
<item key="B79C9AD2-FDB3-9718-DDEE-2B4D3A29CC4C" value="true"/>
</engineerTo>
<adequatelyNormalized>NO</adequatelyNormalized>
<expectedVolumes>0</expectedVolumes>
<fwdEngineeringStrategyName>Single Table</fwdEngineeringStrategyName>
<growthPercent>0</growthPercent>
<growthType>Year</growthType>
<maxVolumes>9999999</maxVolumes>
<minVolumes>0</minVolumes>
<normalForm>Third</normalForm>
<attributes itemClass="oracle.dbtools.crest.model.design.logical.Attribute">
<Attribute name="IdTrg" id="D7F24376-604D-1DCD-2DAC-A75293F6FDD8">
<createdBy>HP Pavilion</createdBy>
<createdTime>2024-07-24 15:17:15 UTC</createdTime>
<ownerDesignName>basketball-league</ownerDesignName>
<engineerTo>
<item key="B79C9AD2-FDB3-9718-DDEE-2B4D3A29CC4C" value="true"/>
</engineerTo>
<useDomainConstraints>false</useDomainConstraints>
<use>1</use>
<logicalDatatype>LOGDT011</logicalDatatype>
<ownDataTypeParameters>,,</ownDataTypeParameters>
</Attribute>
<Attribute name="DatTrg" id="E3A2BC73-519E-27C7-AE8C-AA1E1CED1C6D">
<createdBy>HP Pavilion</createdBy>
<createdTime>2024-07-24 15:17:23 UTC</createdTime>
<ownerDesignName>basketball-league</ownerDesignName>
<engineerTo>
<item key="B79C9AD2-FDB3-9718-DDEE-2B4D3A29CC4C" value="true"/>
</engineerTo>
<useDomainConstraints>false</useDomainConstraints>
<use>1</use>
<logicalDatatype>LOGDT007</logicalDatatype>
<ownDataTypeParameters>,,</ownDataTypeParameters>
</Attribute>
<Attribute name="TipTrg" id="CE3D1D88-C1F0-D4D4-309B-C75E7B90C3CF">
<createdBy>HP Pavilion</createdBy>
<createdTime>2024-07-24 15:17:33 UTC</createdTime>
<ownerDesignName>basketball-league</ownerDesignName>
<engineerTo>
<item key="B79C9AD2-FDB3-9718-DDEE-2B4D3A29CC4C" value="true"/>
</engineerTo>
<use>0</use>
<logicalDatatype>LOGDT024</logicalDatatype>
<domain>464DBDFD-7A53-BA39-D64E-DB72B875218D</domain>
<ownDataTypeParameters>,,</ownDataTypeParameters>
</Attribute>
<Attribute name="IdZahTrg" id="3F747E7B-75D3-AF22-7097-F5944E6E6C8D">
<createdBy>HP Pavilion</createdBy>
<createdTime>2024-07-24 15:17:58 UTC</createdTime>
<generatorID>B373C11B-0C65-89F1-463A-F1709102BC68</generatorID>
<ownerDesignName>basketball-league</ownerDesignName>
<engineerTo>
<item key="B79C9AD2-FDB3-9718-DDEE-2B4D3A29CC4C" value="true"/>
</engineerTo>
<referedAttribute>94953F12-1351-E0EF-5BD1-C9EF8FB5F807</referedAttribute>
<useDomainConstraints>false</useDomainConstraints>
<use>1</use>
<logicalDatatype>LOGDT011</logicalDatatype>
<ownDataTypeParameters>,,</ownDataTypeParameters>
</Attribute>
</attributes>
<identifiers itemClass="oracle.dbtools.crest.model.design.logical.CandidateKey">
<identifier id="E8B8EA56-A204-A442-BA3E-9170CDC32BAC" name="Trgovina PK">
<createdBy>HP Pavilion</createdBy>
<createdTime>2024-07-24 15:17:21 UTC</createdTime>
<ownerDesignName>basketball-league</ownerDesignName>
<engineerTo>
<item key="B79C9AD2-FDB3-9718-DDEE-2B4D3A29CC4C" value="true"/>
</engineerTo>
<pk>true</pk>
<usedAttributes>
<attributeRef>D7F24376-604D-1DCD-2DAC-A75293F6FDD8</attributeRef>
</usedAttributes>
</identifier>
</identifiers>
</Entity>
