<?xml version = '1.0' encoding = 'UTF-8'?>
<Entity class="oracle.dbtools.crest.model.design.logical.Entity" directorySegmentName="seg_0" id="8F2122C6-5898-DF2B-BBE7-B67ECB6ABFC2" name="ImovinaZaTrgovinuTima">
<createdBy>HP Pavilion</createdBy>
<createdTime>2024-07-24 16:48:09 UTC</createdTime>
<ownerDesignName>basketball-league</ownerDesignName>
<engineerTo>
<item key="B79C9AD2-FDB3-9718-DDEE-2B4D3A29CC4C" value="true"/>
</engineerTo>
<adequatelyNormalized>NO</adequatelyNormalized>
<expectedVolumes>0</expectedVolumes>
<fwdEngineeringStrategyName>Single Table</fwdEngineeringStrategyName>
<growthPercent>0</growthPercent>
<growthType>Year</growthType>
<maxVolumes>9999999</maxVolumes>
<minVolumes>0</minVolumes>
<normalForm>Third</normalForm>
<attributes itemClass="oracle.dbtools.crest.model.design.logical.Attribute">
<Attribute name="IdImoTrgTim" id="0BC7EF2E-2264-2186-61EF-83364665215F">
<createdBy>HP Pavilion</createdBy>
<createdTime>2024-07-24 16:48:20 UTC</createdTime>
<ownerDesignName>basketball-league</ownerDesignName>
<engineerTo>
<item key="B79C9AD2-FDB3-9718-DDEE-2B4D3A29CC4C" value="true"/>
</engineerTo>
<useDomainConstraints>false</useDomainConstraints>
<use>1</use>
<logicalDatatype>LOGDT011</logicalDatatype>
<ownDataTypeParameters>,,</ownDataTypeParameters>
</Attribute>
<Attribute name="DatDodImoTrgTim" id="08F4EB10-8326-65E5-A636-D022345E926A">
<createdBy>HP Pavilion</createdBy>
<createdTime>2024-07-24 16:48:36 UTC</createdTime>
<ownerDesignName>basketball-league</ownerDesignName>
<engineerTo>
<item key="B79C9AD2-FDB3-9718-DDEE-2B4D3A29CC4C" value="true"/>
</engineerTo>
<useDomainConstraints>false</useDomainConstraints>
<use>1</use>
<logicalDatatype>LOGDT007</logicalDatatype>
<ownDataTypeParameters>,,</ownDataTypeParameters>
</Attribute>
<Attribute name="BelesImoTrgTim" id="93C3F312-A527-727E-7281-74312BD7002E">
<createdBy>HP Pavilion</createdBy>
<createdTime>2024-07-24 16:48:52 UTC</createdTime>
<ownerDesignName>basketball-league</ownerDesignName>
<engineerTo>
<item key="B79C9AD2-FDB3-9718-DDEE-2B4D3A29CC4C" value="true"/>
</engineerTo>
<useDomainConstraints>false</useDomainConstraints>
<use>1</use>
<logicalDatatype>LOGDT024</logicalDatatype>
<dataTypeSize>64 CHAR</dataTypeSize>
<ownDataTypeParameters>64 CHAR,,</ownDataTypeParameters>
</Attribute>
<Attribute name="IdTipImoTrg" id="EF5DC942-63A1-8466-E308-20DE03B7B526">
<createdBy>HP Pavilion</createdBy>
<createdTime>2024-07-24 16:51:09 UTC</createdTime>
<generatorID>5B4F8009-C289-3C61-F107-212B37918914</generatorID>
<ownerDesignName>basketball-league</ownerDesignName>
<engineerTo>
<item key="B79C9AD2-FDB3-9718-DDEE-2B4D3A29CC4C" value="true"/>
</engineerTo>
<referedAttribute>3F09AE9F-4631-DCF4-81E5-90B8492EADC3</referedAttribute>
<useDomainConstraints>false</useDomainConstraints>
<use>1</use>
<logicalDatatype>LOGDT011</logicalDatatype>
<ownDataTypeParameters>,,</ownDataTypeParameters>
</Attribute>
<Attribute name="IdTim" id="B276F42F-7203-BB75-FB51-4C647EE9332D">
<createdBy>HP Pavilion</createdBy>
<createdTime>2024-07-24 16:52:37 UTC</createdTime>
<generatorID>628C45BF-0285-6C41-6A39-9BF4EED304A6</generatorID>
<ownerDesignName>basketball-league</ownerDesignName>
<engineerTo>
<item key="B79C9AD2-FDB3-9718-DDEE-2B4D3A29CC4C" value="true"/>
</engineerTo>
<nullsAllowed>true</nullsAllowed>
<referedAttribute>8661B55D-0729-C0AF-D28F-B6D21A9BCCBC</referedAttribute>
<useDomainConstraints>false</useDomainConstraints>
<use>1</use>
<logicalDatatype>LOGDT011</logicalDatatype>
<ownDataTypeParameters>,,</ownDataTypeParameters>
</Attribute>
</attributes>
<identifiers itemClass="oracle.dbtools.crest.model.design.logical.CandidateKey">
<identifier id="27C23F89-7401-6F27-FB22-B40808134D0C" name="ImovinaZaTrgovinuTima PK">
<createdBy>HP Pavilion</createdBy>
<createdTime>2024-07-24 16:48:34 UTC</createdTime>
<ownerDesignName>basketball-league</ownerDesignName>
<engineerTo>
<item key="B79C9AD2-FDB3-9718-DDEE-2B4D3A29CC4C" value="true"/>
</engineerTo>
<pk>true</pk>
<usedAttributes>
<attributeRef>0BC7EF2E-2264-2186-61EF-83364665215F</attributeRef>
</usedAttributes>
</identifier>
</identifiers>
</Entity>
