<?xml version = '1.0' encoding = 'UTF-8'?>
<Entity class="oracle.dbtools.crest.model.design.logical.Entity" directorySegmentName="seg_0" id="AB002F0D-836B-C108-60CC-07BBB9FBD25C" name="TipNedodirljiveImovine">
<createdBy>HP Pavilion</createdBy>
<createdTime>2024-07-24 16:46:09 UTC</createdTime>
<ownerDesignName>basketball-league</ownerDesignName>
<engineerTo>
<item key="B79C9AD2-FDB3-9718-DDEE-2B4D3A29CC4C" value="true"/>
</engineerTo>
<adequatelyNormalized>NO</adequatelyNormalized>
<expectedVolumes>0</expectedVolumes>
<fwdEngineeringStrategyName>Single Table</fwdEngineeringStrategyName>
<growthPercent>0</growthPercent>
<growthType>Year</growthType>
<maxVolumes>9999999</maxVolumes>
<minVolumes>0</minVolumes>
<normalForm>Third</normalForm>
<attributes itemClass="oracle.dbtools.crest.model.design.logical.Attribute">
<Attribute name="IdTipNedImo" id="A0347E0C-D768-03C8-A222-935977B64BBC">
<createdBy>HP Pavilion</createdBy>
<createdTime>2024-07-24 16:46:19 UTC</createdTime>
<ownerDesignName>basketball-league</ownerDesignName>
<engineerTo>
<item key="B79C9AD2-FDB3-9718-DDEE-2B4D3A29CC4C" value="true"/>
</engineerTo>
<useDomainConstraints>false</useDomainConstraints>
<use>1</use>
<logicalDatatype>LOGDT011</logicalDatatype>
<ownDataTypeParameters>,,</ownDataTypeParameters>
</Attribute>
<Attribute name="NazTipNedImo" id="48B6315D-F05D-A06C-35F0-2E12416E291D">
<createdBy>HP Pavilion</createdBy>
<createdTime>2024-07-24 16:46:32 UTC</createdTime>
<ownerDesignName>basketball-league</ownerDesignName>
<engineerTo>
<item key="B79C9AD2-FDB3-9718-DDEE-2B4D3A29CC4C" value="true"/>
</engineerTo>
<useDomainConstraints>false</useDomainConstraints>
<use>1</use>
<logicalDatatype>LOGDT024</logicalDatatype>
<dataTypeSize>32 CHAR</dataTypeSize>
<ownDataTypeParameters>32 CHAR,,</ownDataTypeParameters>
</Attribute>
</attributes>
<identifiers itemClass="oracle.dbtools.crest.model.design.logical.CandidateKey">
<identifier id="E5BD9777-A93C-A8D1-D160-F936127A6DA8" name="TipNedodirljiveImovine PK">
<createdBy>HP Pavilion</createdBy>
<createdTime>2024-07-24 16:46:30 UTC</createdTime>
<ownerDesignName>basketball-league</ownerDesignName>
<engineerTo>
<item key="B79C9AD2-FDB3-9718-DDEE-2B4D3A29CC4C" value="true"/>
</engineerTo>
<pk>true</pk>
<usedAttributes>
<attributeRef>A0347E0C-D768-03C8-A222-935977B64BBC</attributeRef>
</usedAttributes>
</identifier>
</identifiers>
</Entity>
