<?xml version = '1.0' encoding = 'UTF-8'?>
<Entity class="oracle.dbtools.crest.model.design.logical.Entity" directorySegmentName="seg_0" id="ACE34664-A6FF-AD1E-EA88-2826234B0801" name="PozivNaIntervju">
<createdBy>HP Pavilion</createdBy>
<createdTime>2024-07-24 15:21:05 UTC</createdTime>
<ownerDesignName>basketball-league</ownerDesignName>
<engineerTo>
<item key="B79C9AD2-FDB3-9718-DDEE-2B4D3A29CC4C" value="true"/>
</engineerTo>
<adequatelyNormalized>NO</adequatelyNormalized>
<expectedVolumes>0</expectedVolumes>
<fwdEngineeringStrategyName>Single Table</fwdEngineeringStrategyName>
<growthPercent>0</growthPercent>
<growthType>Year</growthType>
<maxVolumes>9999999</maxVolumes>
<minVolumes>0</minVolumes>
<normalForm>Third</normalForm>
<attributes itemClass="oracle.dbtools.crest.model.design.logical.Attribute">
<Attribute name="IdPozInt" id="32CF8EF2-41A2-1488-CC76-69AE524F937E">
<createdBy>HP Pavilion</createdBy>
<createdTime>2024-07-24 15:21:17 UTC</createdTime>
<ownerDesignName>basketball-league</ownerDesignName>
<engineerTo>
<item key="B79C9AD2-FDB3-9718-DDEE-2B4D3A29CC4C" value="true"/>
</engineerTo>
<useDomainConstraints>false</useDomainConstraints>
<use>1</use>
<logicalDatatype>LOGDT011</logicalDatatype>
<ownDataTypeParameters>,,</ownDataTypeParameters>
</Attribute>
<Attribute name="MesOdrPozInt" id="4574078B-CE0F-2BEB-A66E-DBA2FC4F3441">
<createdBy>HP Pavilion</createdBy>
<createdTime>2024-07-24 15:21:29 UTC</createdTime>
<ownerDesignName>basketball-league</ownerDesignName>
<engineerTo>
<item key="B79C9AD2-FDB3-9718-DDEE-2B4D3A29CC4C" value="true"/>
</engineerTo>
<useDomainConstraints>false</useDomainConstraints>
<use>1</use>
<logicalDatatype>LOGDT024</logicalDatatype>
<dataTypeSize>24 CHAR</dataTypeSize>
<ownDataTypeParameters>24 CHAR,,</ownDataTypeParameters>
</Attribute>
<Attribute name="DatVrePozInt" id="E8AB423D-38C7-5325-A91C-D79F3642A0F0">
<createdBy>HP Pavilion</createdBy>
<createdTime>2024-07-24 15:21:41 UTC</createdTime>
<ownerDesignName>basketball-league</ownerDesignName>
<engineerTo>
<item key="B79C9AD2-FDB3-9718-DDEE-2B4D3A29CC4C" value="true"/>
</engineerTo>
<useDomainConstraints>false</useDomainConstraints>
<use>1</use>
<logicalDatatype>LOGDT007</logicalDatatype>
<ownDataTypeParameters>,,</ownDataTypeParameters>
</Attribute>
<Attribute name="StatusPozInt" id="9CFDD56F-0B74-2578-8C3D-EFC26737CE5E">
<createdBy>HP Pavilion</createdBy>
<createdTime>2024-07-24 15:21:56 UTC</createdTime>
<ownerDesignName>basketball-league</ownerDesignName>
<engineerTo>
<item key="B79C9AD2-FDB3-9718-DDEE-2B4D3A29CC4C" value="true"/>
</engineerTo>
<use>0</use>
<logicalDatatype>LOGDT024</logicalDatatype>
<domain>09DA3D9B-65E1-EC32-7FCB-C55AA585D6E0</domain>
<ownDataTypeParameters>,,</ownDataTypeParameters>
</Attribute>
<Attribute name="RazOdbPozInt" id="4F600D7D-FDE3-E276-96CA-2A11005FAB07">
<createdBy>HP Pavilion</createdBy>
<createdTime>2024-07-24 15:22:05 UTC</createdTime>
<ownerDesignName>basketball-league</ownerDesignName>
<engineerTo>
<item key="B79C9AD2-FDB3-9718-DDEE-2B4D3A29CC4C" value="true"/>
</engineerTo>
<useDomainConstraints>false</useDomainConstraints>
<use>1</use>
<logicalDatatype>LOGDT024</logicalDatatype>
<dataTypeSize>64 CHAR</dataTypeSize>
<ownDataTypeParameters>64 CHAR,,</ownDataTypeParameters>
</Attribute>
<Attribute name="IdRegrut" id="A80CA8F0-3796-4A43-9B82-B8A1740F4A3A">
<createdBy>HP Pavilion</createdBy>
<createdTime>2024-07-24 15:34:03 UTC</createdTime>
<generatorID>A1C2A846-8FBE-707D-27D6-87AF300D78EB</generatorID>
<ownerDesignName>basketball-league</ownerDesignName>
<engineerTo>
<item key="B79C9AD2-FDB3-9718-DDEE-2B4D3A29CC4C" value="true"/>
</engineerTo>
<nullsAllowed>true</nullsAllowed>
<referedAttribute>B829AB3A-B06E-88B7-55D5-3AB46479680F</referedAttribute>
<useDomainConstraints>false</useDomainConstraints>
<use>1</use>
<logicalDatatype>LOGDT011</logicalDatatype>
<ownDataTypeParameters>,,</ownDataTypeParameters>
</Attribute>
<Attribute name="IdTrener" id="6D16E483-71E7-D19C-3B89-968B66EBE5A1">
<createdBy>HP Pavilion</createdBy>
<createdTime>2024-07-24 15:43:05 UTC</createdTime>
<generatorID>0A27C2A0-2790-2484-9332-42C1A9FB87D3</generatorID>
<ownerDesignName>basketball-league</ownerDesignName>
<engineerTo>
<item key="B79C9AD2-FDB3-9718-DDEE-2B4D3A29CC4C" value="true"/>
</engineerTo>
<referedAttribute>B829AB3A-B06E-88B7-55D5-3AB46479680F</referedAttribute>
<useDomainConstraints>false</useDomainConstraints>
<use>1</use>
<logicalDatatype>LOGDT011</logicalDatatype>
<ownDataTypeParameters>,,</ownDataTypeParameters>
</Attribute>
</attributes>
<identifiers itemClass="oracle.dbtools.crest.model.design.logical.CandidateKey">
<identifier id="1E370649-73CA-2359-F843-B676934C129D" name="PozivNaIntervju PK">
<createdBy>HP Pavilion</createdBy>
<createdTime>2024-07-24 15:21:27 UTC</createdTime>
<ownerDesignName>basketball-league</ownerDesignName>
<engineerTo>
<item key="B79C9AD2-FDB3-9718-DDEE-2B4D3A29CC4C" value="true"/>
</engineerTo>
<pk>true</pk>
<usedAttributes>
<attributeRef>32CF8EF2-41A2-1488-CC76-69AE524F937E</attributeRef>
</usedAttributes>
</identifier>
</identifiers>
</Entity>
