<?xml version = '1.0' encoding = 'UTF-8'?>
<Entity class="oracle.dbtools.crest.model.design.logical.Entity" directorySegmentName="seg_0" id="AD721176-20AB-C7B1-D7D8-CD0D7A291673" name="Ugovor">
<createdBy>HP Pavilion</createdBy>
<createdTime>2024-07-24 14:53:01 UTC</createdTime>
<ownerDesignName>basketball-league</ownerDesignName>
<engineerTo>
<item key="B79C9AD2-FDB3-9718-DDEE-2B4D3A29CC4C" value="true"/>
</engineerTo>
<adequatelyNormalized>NO</adequatelyNormalized>
<expectedVolumes>0</expectedVolumes>
<fwdEngineeringStrategyName>Single Table</fwdEngineeringStrategyName>
<growthPercent>0</growthPercent>
<growthType>Year</growthType>
<maxVolumes>9999999</maxVolumes>
<minVolumes>0</minVolumes>
<normalForm>Third</normalForm>
<attributes itemClass="oracle.dbtools.crest.model.design.logical.Attribute">
<Attribute name="IdUgo" id="73DB4B66-2097-08C4-A45E-54BB3A284ECE">
<createdBy>HP Pavilion</createdBy>
<createdTime>2024-07-24 14:53:05 UTC</createdTime>
<ownerDesignName>basketball-league</ownerDesignName>
<engineerTo>
<item key="B79C9AD2-FDB3-9718-DDEE-2B4D3A29CC4C" value="true"/>
</engineerTo>
<useDomainConstraints>false</useDomainConstraints>
<use>1</use>
<logicalDatatype>LOGDT011</logicalDatatype>
<ownDataTypeParameters>,,</ownDataTypeParameters>
</Attribute>
<Attribute name="DatPotUgo" id="7E0A333F-3A3D-3C05-5BF0-56E13B7C4F3B">
<createdBy>HP Pavilion</createdBy>
<createdTime>2024-07-24 14:53:13 UTC</createdTime>
<ownerDesignName>basketball-league</ownerDesignName>
<engineerTo>
<item key="B79C9AD2-FDB3-9718-DDEE-2B4D3A29CC4C" value="true"/>
</engineerTo>
<nullsAllowed>true</nullsAllowed>
<useDomainConstraints>false</useDomainConstraints>
<use>1</use>
<logicalDatatype>LOGDT007</logicalDatatype>
<ownDataTypeParameters>,,</ownDataTypeParameters>
</Attribute>
<Attribute name="DatVazUgo" id="5CE0FB7F-2648-6532-EAD6-54C6FA840594">
<createdBy>HP Pavilion</createdBy>
<createdTime>2024-07-24 14:53:26 UTC</createdTime>
<ownerDesignName>basketball-league</ownerDesignName>
<engineerTo>
<item key="B79C9AD2-FDB3-9718-DDEE-2B4D3A29CC4C" value="true"/>
</engineerTo>
<useDomainConstraints>false</useDomainConstraints>
<use>1</use>
<logicalDatatype>LOGDT007</logicalDatatype>
<ownDataTypeParameters>,,</ownDataTypeParameters>
</Attribute>
<Attribute name="VredUgo" id="0815926C-E4AD-72F9-3E62-7122433F2D3C">
<createdBy>HP Pavilion</createdBy>
<createdTime>2024-07-24 14:53:37 UTC</createdTime>
<ownerDesignName>basketball-league</ownerDesignName>
<engineerTo>
<item key="B79C9AD2-FDB3-9718-DDEE-2B4D3A29CC4C" value="true"/>
</engineerTo>
<useDomainConstraints>false</useDomainConstraints>
<use>1</use>
<logicalDatatype>LOGDT024</logicalDatatype>
<dataTypeSize>6 CHAR</dataTypeSize>
<ownDataTypeParameters>6 CHAR,,</ownDataTypeParameters>
</Attribute>
<Attribute name="OpcUgo" id="9C3914E2-3368-2865-A7E7-14FBC8D313BD">
<createdBy>HP Pavilion</createdBy>
<createdTime>2024-07-24 14:53:56 UTC</createdTime>
<ownerDesignName>basketball-league</ownerDesignName>
<engineerTo>
<item key="B79C9AD2-FDB3-9718-DDEE-2B4D3A29CC4C" value="true"/>
</engineerTo>
<use>0</use>
<logicalDatatype>LOGDT024</logicalDatatype>
<domain>B96FD086-4B14-C2F3-23B3-4FDFCC261964</domain>
<ownDataTypeParameters>,,</ownDataTypeParameters>
</Attribute>
<Attribute name="IdTim" id="5FD8096C-EAC1-DDF3-8360-4BAAB1D9FF6A">
<createdBy>HP Pavilion</createdBy>
<createdTime>2024-07-24 14:54:19 UTC</createdTime>
<generatorID>9B0BBAF3-1BFF-4715-F877-46E14ADE8A26</generatorID>
<ownerDesignName>basketball-league</ownerDesignName>
<engineerTo>
<item key="B79C9AD2-FDB3-9718-DDEE-2B4D3A29CC4C" value="true"/>
</engineerTo>
<referedAttribute>8661B55D-0729-C0AF-D28F-B6D21A9BCCBC</referedAttribute>
<useDomainConstraints>false</useDomainConstraints>
<use>1</use>
<logicalDatatype>LOGDT011</logicalDatatype>
<ownDataTypeParameters>,,</ownDataTypeParameters>
</Attribute>
<Attribute name="IdTipUgo" id="66C6A140-C639-0E84-8AF2-610BC3DC5329">
<createdBy>HP Pavilion</createdBy>
<createdTime>2024-07-24 14:55:28 UTC</createdTime>
<generatorID>F0EA2159-C9D6-F441-AB75-8F235EAEAE99</generatorID>
<ownerDesignName>basketball-league</ownerDesignName>
<engineerTo>
<item key="B79C9AD2-FDB3-9718-DDEE-2B4D3A29CC4C" value="true"/>
</engineerTo>
<referedAttribute>6BC77758-E531-736C-855A-4C8941425F78</referedAttribute>
<useDomainConstraints>false</useDomainConstraints>
<use>1</use>
<logicalDatatype>LOGDT011</logicalDatatype>
<ownDataTypeParameters>,,</ownDataTypeParameters>
</Attribute>
</attributes>
<identifiers itemClass="oracle.dbtools.crest.model.design.logical.CandidateKey">
<identifier id="28661BB1-578F-A46A-D512-47C064025FCD" name="Ugovor PK">
<createdBy>HP Pavilion</createdBy>
<createdTime>2024-07-24 14:53:11 UTC</createdTime>
<ownerDesignName>basketball-league</ownerDesignName>
<engineerTo>
<item key="B79C9AD2-FDB3-9718-DDEE-2B4D3A29CC4C" value="true"/>
</engineerTo>
<pk>true</pk>
<usedAttributes>
<attributeRef>73DB4B66-2097-08C4-A45E-54BB3A284ECE</attributeRef>
</usedAttributes>
</identifier>
</identifiers>
</Entity>
