<?xml version = '1.0' encoding = 'UTF-8'?>
<Entity class="oracle.dbtools.crest.model.design.logical.Entity" directorySegmentName="seg_0" id="C16C07F1-5401-A7AD-273F-933960A37A47" name="ZeljaTima">
<createdBy>HP Pavilion</createdBy>
<createdTime>2024-07-24 16:41:53 UTC</createdTime>
<ownerDesignName>basketball-league</ownerDesignName>
<engineerTo>
<item key="B79C9AD2-FDB3-9718-DDEE-2B4D3A29CC4C" value="true"/>
</engineerTo>
<adequatelyNormalized>NO</adequatelyNormalized>
<expectedVolumes>0</expectedVolumes>
<fwdEngineeringStrategyName>Single Table</fwdEngineeringStrategyName>
<growthPercent>0</growthPercent>
<growthType>Year</growthType>
<maxVolumes>9999999</maxVolumes>
<minVolumes>0</minVolumes>
<normalForm>Third</normalForm>
<attributes itemClass="oracle.dbtools.crest.model.design.logical.Attribute">
<Attribute name="IdZeljTim" id="1FA4D001-FCB1-6AD2-298C-A78CF9072DD6">
<createdBy>HP Pavilion</createdBy>
<createdTime>2024-07-24 16:42:07 UTC</createdTime>
<ownerDesignName>basketball-league</ownerDesignName>
<engineerTo>
<item key="B79C9AD2-FDB3-9718-DDEE-2B4D3A29CC4C" value="true"/>
</engineerTo>
<useDomainConstraints>false</useDomainConstraints>
<use>1</use>
<logicalDatatype>LOGDT011</logicalDatatype>
<ownDataTypeParameters>,,</ownDataTypeParameters>
</Attribute>
<Attribute name="DatDodZeljTim" id="8B3B5875-D732-6398-EA13-1C38AD1A6FD5">
<createdBy>HP Pavilion</createdBy>
<createdTime>2024-07-24 16:42:29 UTC</createdTime>
<ownerDesignName>basketball-league</ownerDesignName>
<engineerTo>
<item key="B79C9AD2-FDB3-9718-DDEE-2B4D3A29CC4C" value="true"/>
</engineerTo>
<useDomainConstraints>false</useDomainConstraints>
<use>1</use>
<logicalDatatype>LOGDT007</logicalDatatype>
<ownDataTypeParameters>,,</ownDataTypeParameters>
</Attribute>
<Attribute name="BelesZeljTim" id="30849796-8C7B-88D5-ADF4-4A7292B883FE">
<createdBy>HP Pavilion</createdBy>
<createdTime>2024-07-24 16:42:42 UTC</createdTime>
<ownerDesignName>basketball-league</ownerDesignName>
<engineerTo>
<item key="B79C9AD2-FDB3-9718-DDEE-2B4D3A29CC4C" value="true"/>
</engineerTo>
<nullsAllowed>true</nullsAllowed>
<useDomainConstraints>false</useDomainConstraints>
<use>1</use>
<logicalDatatype>LOGDT024</logicalDatatype>
<dataTypeSize>64 CHAR</dataTypeSize>
<ownDataTypeParameters>64 CHAR,,</ownDataTypeParameters>
</Attribute>
<Attribute name="IdTipZelje" id="DCD4D8EA-FBF5-B465-34F1-612A4B91D1D3">
<createdBy>HP Pavilion</createdBy>
<createdTime>2024-07-24 16:44:11 UTC</createdTime>
<generatorID>514E3F5C-A361-1813-BDC1-1B917F0D5D3A</generatorID>
<ownerDesignName>basketball-league</ownerDesignName>
<engineerTo>
<item key="B79C9AD2-FDB3-9718-DDEE-2B4D3A29CC4C" value="true"/>
</engineerTo>
<referedAttribute>02DDA84E-4EB4-4A3A-86FE-08B218B187E6</referedAttribute>
<useDomainConstraints>false</useDomainConstraints>
<use>1</use>
<logicalDatatype>LOGDT011</logicalDatatype>
<ownDataTypeParameters>,,</ownDataTypeParameters>
</Attribute>
<Attribute name="IdPrava" id="5CB82902-6FB5-0245-1482-FEB2D4FAFD32">
<createdBy>HP Pavilion</createdBy>
<createdTime>2024-08-04 20:33:22 UTC</createdTime>
<generatorID>E8B49ADB-6785-D4C1-4C04-83F981D624EB</generatorID>
<ownerDesignName>basketball-league</ownerDesignName>
<engineerTo>
<item key="B79C9AD2-FDB3-9718-DDEE-2B4D3A29CC4C" value="true"/>
</engineerTo>
<nullsAllowed>true</nullsAllowed>
<referedAttribute>7B6F94A8-8C2C-7451-D62E-76ABDF5B6B20</referedAttribute>
<useDomainConstraints>false</useDomainConstraints>
<use>1</use>
<logicalDatatype>LOGDT011</logicalDatatype>
<ownDataTypeParameters>,,</ownDataTypeParameters>
</Attribute>
<Attribute name="IdPik" id="A418F00B-FD37-DCFE-541B-70B0DBE294E1">
<createdBy>HP Pavilion</createdBy>
<createdTime>2024-08-04 20:33:47 UTC</createdTime>
<generatorID>2782446E-CFDF-6F58-0CEB-86F73BA34508</generatorID>
<ownerDesignName>basketball-league</ownerDesignName>
<engineerTo>
<item key="B79C9AD2-FDB3-9718-DDEE-2B4D3A29CC4C" value="true"/>
</engineerTo>
<nullsAllowed>true</nullsAllowed>
<referedAttribute>96958B4B-98AA-48A4-65B5-371D2E1E0521</referedAttribute>
<useDomainConstraints>false</useDomainConstraints>
<use>1</use>
<logicalDatatype>LOGDT011</logicalDatatype>
<ownDataTypeParameters>,,</ownDataTypeParameters>
</Attribute>
<Attribute name="Id" id="2AA7D034-E88F-3AD9-C51D-57A591E7791C">
<createdBy>HP Pavilion</createdBy>
<createdTime>2024-08-04 20:35:11 UTC</createdTime>
<generatorID>9211B86A-24F9-F397-6E5A-37627C1BD868</generatorID>
<ownerDesignName>basketball-league</ownerDesignName>
<engineerTo>
<item key="B79C9AD2-FDB3-9718-DDEE-2B4D3A29CC4C" value="true"/>
</engineerTo>
<nullsAllowed>true</nullsAllowed>
<referedAttribute>B829AB3A-B06E-88B7-55D5-3AB46479680F</referedAttribute>
<useDomainConstraints>false</useDomainConstraints>
<use>1</use>
<logicalDatatype>LOGDT011</logicalDatatype>
<ownDataTypeParameters>,,</ownDataTypeParameters>
</Attribute>
</attributes>
<identifiers itemClass="oracle.dbtools.crest.model.design.logical.CandidateKey">
<identifier id="27411BFE-FB64-C282-30AF-0B586D629090" name="ZeljaTima PK">
<createdBy>HP Pavilion</createdBy>
<createdTime>2024-07-24 16:42:27 UTC</createdTime>
<ownerDesignName>basketball-league</ownerDesignName>
<engineerTo>
<item key="B79C9AD2-FDB3-9718-DDEE-2B4D3A29CC4C" value="true"/>
</engineerTo>
<pk>true</pk>
<usedAttributes>
<attributeRef>1FA4D001-FCB1-6AD2-298C-A78CF9072DD6</attributeRef>
</usedAttributes>
</identifier>
</identifiers>
</Entity>
