<?xml version = '1.0' encoding = 'UTF-8'?>
<relationalModel class="oracle.dbtools.crest.model.design.relational.RelationalDesign" name="Relational_2" id="8193A6E1-ACA9-CC53-6A12-3367F4531004" mainViewID="62A327B2-8176-3A88-6814-3A2FA2F3ADD7">
<createdBy>HP Pavilion</createdBy>
<createdTime>2024-08-04 20:41:47 UTC</createdTime>
<ownerDesignName>basketball-league</ownerDesignName>
<shouldBeOpen>false</shouldBeOpen>
<selectedRDBMSSite>32076570-2523-435C-2E92-BF29817DFF70</selectedRDBMSSite>
</relationalModel>
