<?xml version = '1.0' encoding = 'UTF-8'?>
<relationalModel class="oracle.dbtools.crest.model.design.relational.RelationalDesign" name="Relational_1" id="B79C9AD2-FDB3-9718-DDEE-2B4D3A29CC4C" mainViewID="AF1A1151-732E-DEEE-5503-C2688FE9ADC0">
<createdBy>HP Pavilion</createdBy>
<createdTime>2024-07-24 13:19:01 UTC</createdTime>
<ownerDesignName>basketball-league</ownerDesignName>
<shouldBeOpen>false</shouldBeOpen>
<selectedRDBMSSite>32076570-2523-435C-2E92-BF29817DFF70</selectedRDBMSSite>
</relationalModel>