<?xml version = '1.0' encoding = 'UTF-8'?>
<FKArc class="oracle.dbtools.crest.model.design.relational.FKArc" directorySegmentName="seg_0" id="146B8D0A-A6F1-8F69-6234-CEF80CB397CD" name="FKArc_2">
<createdBy>HP Pavilion</createdBy>
<createdTime>2024-08-04 20:41:55 UTC</createdTime>
<ownerDesignName>basketball-league</ownerDesignName>
<mandatory>true</mandatory>
<reverseArc>true</reverseArc>
<table>481BE2D9-D50D-391D-3387-CC72BB3744F1</table>
<fkeys>
<fkeyID>810D95A7-2651-DA34-3248-329CC4C76A36</fkeyID>
<fkeyID>8100BB49-44E1-D1F7-A89B-699567E66DF5</fkeyID>
</fkeys>
</FKArc>
